# gate: C4-ci — Wyrd gate: cargo xtask ci (fmt/clippy/build/test/deny/conformance)
# cmd: ./engine/xtask.sh ci
# cwd: /home/eddie/wyrd/wyrd-pdca
# PDCA_WORKTREE: /home/eddie/wyrd/wyrd.pdca-wt-l1
# start: 2026-10-02T11:06:25+00:00
# duration_secs: 7200.08
# exit: timeout — killed after its 7200s bound (partial output below)
# outcome: unverifiable
# ---- combined stdout+stderr (verbatim) ----

$ typos

$ python3 docs/publishing/tools/lint_docs.py
lint_docs: OK

$ python3 docs/publishing/tools/render_site.py --check --out /var/tmp/pdca/wyrd-pdca-9c587031/issue_842/wyrd-docs-build-781409
render_site: fetching mermaid 11.4.1 ...
render_site: wrote 99 page(s) to /var/tmp/pdca/wyrd-pdca-9c587031/issue_842/wyrd-docs-build-781409
render_site: link audit OK

$ xtask gitlink-guard (#616 no stray gitlinks)
xtask gitlink-guard: no stray gitlinks or tracked agent worktrees (#616)

$ xtask unsafe-guard (#616 forbid(unsafe_code) in crate roots)
xtask unsafe-guard: every crate root forbids unsafe code (#616)

$ xtask blackbox-guard (#775 wyrd-validate links no wyrd-* crate)
xtask blackbox-guard: wyrd-validate's normal dependency closure holds no wyrd-* crate (#775)

$ cargo fmt --all -- --check

$ cargo clippy --workspace --exclude wyrd-dst --all-targets
   Compiling proc-macro2 v1.0.106
   Compiling quote v1.0.46
    Checking bytes v1.12.1
   Compiling libc v0.2.186
    Checking pin-project-lite v0.2.17
    Checking cfg-if v1.0.4
    Checking futures-core v0.3.34
    Checking futures-sink v0.3.34
    Checking itoa v1.0.18
    Checking slab v0.4.12
    Checking futures-task v0.3.34
   Compiling autocfg v1.5.1
    Checking once_cell v1.21.4
   Compiling zerocopy v0.8.52
    Checking cpufeatures v0.3.0
   Compiling serde_core v1.0.229
    Checking memchr v2.8.2
    Checking rand_core v0.10.1
   Compiling getrandom v0.4.3
    Checking fnv v1.0.7
   Compiling serde v1.0.229
    Checking smallvec v1.15.2
    Checking percent-encoding v2.3.2
   Compiling anyhow v1.0.103
    Checking equivalent v1.0.2
    Checking foldhash v0.2.0
   Compiling either v1.16.0
    Checking allocator-api2 v0.2.21
    Checking typenum v1.20.1
   Compiling httparse v1.10.1
   Compiling thiserror v2.0.18
    Checking try-lock v0.2.5
    Checking zmij v1.0.21
    Checking tower-service v0.3.3
    Checking futures-channel v0.3.34
    Checking atomic-waker v1.1.2
    Checking httpdate v1.0.3
    Checking tower-layer v0.3.3
    Checking sync_wrapper v1.0.2
    Checking ipnet v2.12.0
    Checking crc32c v0.6.8
    Checking base64 v0.22.1
    Checking cmov v0.5.4
   Compiling rustix v1.1.4
    Checking want v0.3.1
    Checking mime v0.3.17
    Checking tracing-core v0.1.36
    Checking chacha20 v0.10.2
    Checking const-oid v0.10.2
    Checking matchit v0.8.4
   Compiling readme-rustdocifier v0.1.1
   Compiling itertools v0.14.0
   Compiling num-traits v0.2.19
    Checking regex-syntax v0.8.11
    Checking lazy_static v1.5.0
    Checking wyrd-chunk-format v0.0.0 (/home/eddie/wyrd/wyrd.pdca-wt-l1/crates/chunk-format)
    Checking log v0.4.32
    Checking fixedbitset v0.5.7
    Checking cpufeatures v0.2.17
    Checking thread_local v1.1.9
    Checking fastrand v2.4.1
    Checking nu-ansi-term v0.50.3
    Checking bitflags v2.13.0
    Checking http v1.4.2
    Checking linux-raw-sys v0.12.1
    Checking ctutils v0.4.2
    Checking sharded-slab v0.1.7
   Compiling getrandom v0.3.4
    Checking hashbrown v0.17.1
   Compiling thiserror v1.0.69
   Compiling parking_lot_core v0.9.12
   Compiling logos-codegen v0.15.1
   Compiling prettyplease v0.2.37
   Compiling pulldown-cmark v0.13.4
   Compiling protobuf v3.7.2
    Checking scopeguard v1.2.0
   Compiling foldhash v0.1.5
    Checking tracing-log v0.2.0
   Compiling unicase v2.9.0
   Compiling beef v0.5.2
    Checking lock_api v0.4.14
   Compiling prometheus v0.14.0
   Compiling hashbrown v0.15.5
   Compiling unicode-width v0.1.14
   Compiling multimap v0.10.1
   Compiling heck v0.5.0
    Checking pollster v1.0.1
   Compiling redb v4.3.0
    Checking http v0.2.12
   Compiling reed-solomon-simd v3.1.0
    Checking num-conv v0.2.2
    Checking outref v0.5.2
   Compiling syn v2.0.118
   Compiling syn v3.0.0
    Checking powerfmt v0.2.0
    Checking hybrid-array v0.4.13
    Checking time-core v0.1.9
    Checking deranged v0.5.8
    Checking vsimd v0.8.0
    Checking bytes-utils v0.1.4
    Checking pin-utils v0.1.0
    Checking zeroize v1.9.0
    Checking ryu v1.0.23
   Compiling aho-corasick v1.1.4
    Checking stable_deref_trait v1.2.1
   Compiling crc32fast v1.5.0
   Compiling version_check v0.9.5
    Checking litemap v0.8.2
    Checking writeable v0.6.3
   Compiling icu_normalizer_data v2.2.0
    Checking utf8_iter v1.0.4
    Checking http-body v1.1.0
   Compiling icu_properties_data v2.2.0
    Checking indexmap v2.14.0
    Checking errno v0.3.14
    Checking mio v1.2.1
    Checking socket2 v0.6.4
    Checking http-body-util v0.1.3
    Checking signal-hook-registry v1.4.8
    Checking chrono v0.4.45
    Checking num-integer v0.1.46
    Checking rand_core v0.9.5
    Checking rand v0.10.3
    Checking regex-automata v0.4.14
   Compiling generic-array v0.14.7
    Checking roxmltree v0.21.1
    Checking base64-simd v0.8.0
    Checking form_urlencoded v1.2.2
    Checking crypto-common v0.2.2
    Checking block-buffer v0.12.1
    Checking axum-core v0.5.6
   Compiling aws-types v1.6.0
    Checking parking_lot v0.12.5
   Compiling rustversion v1.0.22
    Checking hex v0.4.3
    Checking spin v0.10.1
    Checking rustls-pki-types v1.15.0
    Checking xmlparser v0.13.6
    Checking openssl-probe v0.2.1
    Checking uuid v1.23.4
    Checking lru v0.18.4
    Checking regex-lite v0.1.9
   Compiling shlex v2.0.1
    Checking http-body v0.4.6
   Compiling find-msvc-tools v0.1.9
    Checking ciborium-io v0.2.2
    Checking clap_lex v1.1.0
    Checking anstyle v1.0.14
    Checking itertools v0.13.0
    Checking cast v0.3.0
    Checking same-file v1.0.6
    Checking page_size v0.6.0
    Checking rustls-native-certs v0.8.4
    Checking oorandom v11.1.5
    Checking anes v0.1.6
   Compiling cc v1.2.65
    Checking walkdir v2.5.0
    Checking wyrd-validate v0.0.0 (/home/eddie/wyrd/wyrd.pdca-wt-l1/crates/validate)
    Checking clap_builder v4.6.0
    Checking digest v0.11.3
   Compiling petgraph v0.8.3
    Checking sha2 v0.11.0
    Checking hmac v0.13.0
    Checking sha1 v0.11.0
    Checking md-5 v0.11.0
    Checking arc-swap v1.9.2
    Checking crypto-common v0.1.7
    Checking time v0.3.53
   Compiling pulldown-cmark-to-cmark v22.0.0
    Checking serde_json v1.0.151
    Checking digest v0.10.7
    Checking crc-fast v1.10.0
    Checking tempfile v3.27.0
   Compiling alloca v0.4.0
    Checking criterion-plot v0.8.2
    Checking matchers v0.2.0
    Checking regex v1.12.4
    Checking clap v4.6.1
   Compiling async-trait v0.1.92
   Compiling futures-macro v0.3.34
   Compiling serde_derive v1.0.229
    Checking futures-util v0.3.34
    Checking wyrd-traits v0.0.0 (/home/eddie/wyrd/wyrd.pdca-wt-l1/crates/traits)
   Compiling synstructure v0.13.2
    Checking wyrd-metadata-redb v0.0.0 (/home/eddie/wyrd/wyrd.pdca-wt-l1/crates/metadata-redb)
    Checking wyrd-metadata-fdb v0.0.0 (/home/eddie/wyrd/wyrd.pdca-wt-l1/crates/metadata-fdb)
    Checking wyrd-metadata-tikv v0.0.0 (/home/eddie/wyrd/wyrd.pdca-wt-l1/crates/metadata-tikv)
    Checking wyrd-coordination-conformance v0.0.0 (/home/eddie/wyrd/wyrd.pdca-wt-l1/crates/coordination-conformance)
    Checking wyrd-coordination-etcd v0.0.0 (/home/eddie/wyrd/wyrd.pdca-wt-l1/crates/coordination-etcd)
   Compiling tonic-build v0.14.6
   Compiling tokio-macros v2.7.0
   Compiling zerocopy-derive v0.8.52
   Compiling tracing-attributes v0.1.31
   Compiling prost-derive v0.14.4
   Compiling thiserror-impl v2.0.18
   Compiling pin-project-internal v1.1.13
   Compiling thiserror-impl v1.0.69
   Compiling miette-derive v7.6.0
   Compiling zerofrom-derive v0.1.7
   Compiling aws-smithy-runtime-api-macros v1.1.0
   Compiling yoke-derive v0.8.2
   Compiling zerovec-derive v0.11.3
   Compiling displaydoc v0.2.6
   Compiling logos-codegen v0.16.1
    Checking tokio v1.52.3
   Compiling logos-derive v0.15.1
    Checking pin-project v1.1.13
    Checking zerofrom v0.1.8
   Compiling miette v7.6.0
    Checking yoke v0.8.3
    Checking tracing v0.1.44
    Checking protobuf-support v3.7.2
   Compiling logos v0.15.1
    Checking zerovec v0.11.6
    Checking zerotrie v0.2.4
    Checking opentelemetry v0.33.0
    Checking prost v0.14.4
    Checking prost-types v0.14.4
    Checking tinystr v0.8.3
    Checking potential_utf v0.1.5
   Compiling logos-derive v0.16.1
    Checking icu_collections v2.2.0
    Checking futures-executor v0.3.32
    Checking wyrd-gateway-core v0.0.0 (/home/eddie/wyrd/wyrd.pdca-wt-l1/crates/gateway-core)
    Checking wyrd-metadata-conformance v0.0.0 (/home/eddie/wyrd/wyrd.pdca-wt-l1/crates/metadata-conformance)
    Checking icu_locale_core v2.2.0
   Compiling logos v0.16.1
    Checking tracing-serde v0.2.0
    Checking wyrd-core v0.0.0 (/home/eddie/wyrd/wyrd.pdca-wt-l1/crates/core)
    Checking tinytemplate v1.2.1
    Checking xtask v0.0.0 (/home/eddie/wyrd/wyrd.pdca-wt-l1/xtask)
    Checking tracing-subscriber v0.3.23
    Checking icu_provider v2.2.0
   Compiling prost-build v0.14.4
   Compiling prost-reflect v0.16.4
   Compiling protox-parse v0.9.0
    Checking icu_normalizer v2.2.0
    Checking icu_properties v2.2.0
    Checking tracing-opentelemetry v0.34.0
   Compiling tonic-prost-build v0.14.6
   Compiling madsim-tonic-build v0.6.0+0.14
    Checking idna_adapter v1.2.2
    Checking idna v1.1.0
    Checking url v2.5.8
    Checking tokio-util v0.7.18
    Checking aws-smithy-async v1.3.0
    Checking ppv-lite86 v0.2.21
    Checking half v2.7.1
   Compiling protox v0.9.1
    Checking h2 v0.4.19
    Checking tower v0.5.3
    Checking tokio-stream v0.1.19
    Checking aws-smithy-types v1.8.1
    Checking ciborium-ll v0.2.2
    Checking rand_chacha v0.10.0
    Checking rand_chacha v0.9.0
    Checking ciborium v0.2.2
    Checking wyrd-testkit v0.0.0 (/home/eddie/wyrd/wyrd.pdca-wt-l1/crates/testkit)
    Checking rand v0.9.4
    Checking wyrd-chunkstore-fs v0.0.0 (/home/eddie/wyrd/wyrd.pdca-wt-l1/crates/chunkstore-fs)
    Checking wyrd-coordination-mem v0.0.0 (/home/eddie/wyrd/wyrd.pdca-wt-l1/crates/coordination-mem)
    Checking wyrd-metadata-fault-conformance v0.0.0 (/home/eddie/wyrd/wyrd.pdca-wt-l1/crates/metadata-fault-conformance)
   Compiling wyrd-proto v0.0.0 (/home/eddie/wyrd/wyrd.pdca-wt-l1/crates/proto)
    Checking criterion v0.8.2
    Checking aws-smithy-runtime-api v1.18.0
    Checking aws-smithy-eventstream v0.61.4
    Checking opentelemetry_sdk v0.33.0
    Checking aws-smithy-schema v0.2.1
    Checking aws-smithy-http v0.64.0
    Checking aws-credential-types v1.3.0
    Checking aws-smithy-observability v0.3.0
    Checking aws-sigv4 v1.6.0
    Checking aws-smithy-checksums v0.65.0
    Checking aws-smithy-runtime v1.15.0
    Checking aws-smithy-xml v0.62.1
    Checking aws-smithy-json v0.63.1
    Checking opentelemetry-prometheus v0.33.0
    Checking hyper v1.10.1
    Checking aws-runtime v1.10.0
    Checking hyper-util v0.1.20
    Checking aws-sdk-s3 v1.148.0
    Checking axum v0.8.9
    Checking hyper-timeout v0.5.2
    Checking aws-smithy-http-client v1.4.2
    Checking tonic v0.14.6
    Checking wyrd-gateway-s3 v0.0.0 (/home/eddie/wyrd/wyrd.pdca-wt-l1/crates/gateway-s3)
    Checking tonic-prost v0.14.6
    Checking tonic-types v0.14.6
    Checking opentelemetry-proto v0.33.0
    Checking tonic-health v0.14.6
    Checking wyrd-chunkstore-grpc v0.0.0 (/home/eddie/wyrd/wyrd.pdca-wt-l1/crates/chunkstore-grpc)
    Checking opentelemetry-otlp v0.33.0
    Checking wyrd-telemetry v0.0.0 (/home/eddie/wyrd/wyrd.pdca-wt-l1/crates/telemetry)
    Checking wyrd-custodian v0.0.0 (/home/eddie/wyrd/wyrd.pdca-wt-l1/crates/custodian)
    Checking wyrd-server v0.0.0 (/home/eddie/wyrd/wyrd.pdca-wt-l1/crates/server)
    Finished `dev` profile [unoptimized + debuginfo] target(s) in 16.09s

$ cargo build --workspace --exclude wyrd-dst --all-targets
   Compiling bytes v1.12.1
   Compiling cfg-if v1.0.4
   Compiling pin-project-lite v0.2.17
   Compiling futures-core v0.3.34
   Compiling futures-sink v0.3.34
   Compiling slab v0.4.12
   Compiling futures-task v0.3.34
   Compiling memchr v2.8.2
   Compiling once_cell v1.21.4
   Compiling fnv v1.0.7
   Compiling cpufeatures v0.3.0
   Compiling rand_core v0.10.1
   Compiling either v1.16.0
   Compiling equivalent v1.0.2
   Compiling smallvec v1.15.2
   Compiling percent-encoding v2.3.2
   Compiling foldhash v0.2.0
   Compiling libc v0.2.186
   Compiling allocator-api2 v0.2.21
   Compiling typenum v1.20.1
   Compiling atomic-waker v1.1.2
   Compiling tower-service v0.3.3
   Compiling try-lock v0.2.5
   Compiling httpdate v1.0.3
   Compiling lazy_static v1.5.0
   Compiling zerocopy v0.8.52
   Compiling serde_core v1.0.229
   Compiling futures-channel v0.3.34
   Compiling ipnet v2.12.0
   Compiling base64 v0.22.1
   Compiling futures-util v0.3.34
   Compiling num-traits v0.2.19
   Compiling chacha20 v0.10.2
   Compiling httparse v1.10.1
   Compiling sync_wrapper v1.0.2
   Compiling tower-layer v0.3.3
   Compiling fastrand v2.4.1
   Compiling cmov v0.5.4
   Compiling tracing-core v0.1.36
   Compiling thiserror v2.0.18
   Compiling bitflags v2.13.0
   Compiling mime v0.3.17
   Compiling itertools v0.14.0
   Compiling want v0.3.1
   Compiling const-oid v0.10.2
   Compiling matchit v0.8.4
   Compiling linux-raw-sys v0.12.1
   Compiling pin-project v1.1.13
   Compiling regex-syntax v0.8.11
   Compiling log v0.4.32
   Compiling cpufeatures v0.2.17
   Compiling fixedbitset v0.5.7
   Compiling sharded-slab v0.1.7
   Compiling thread_local v1.1.9
   Compiling nu-ansi-term v0.50.3
   Compiling thiserror v1.0.69
   Compiling scopeguard v1.2.0
   Compiling ctutils v0.4.2
   Compiling indexmap v2.14.0
   Compiling logos-codegen v0.15.1
   Compiling protobuf-support v3.7.2
   Compiling getrandom v0.4.3
   Compiling lock_api v0.4.14
   Compiling hashbrown v0.17.1
   Compiling miette v7.6.0
   Compiling pollster v1.0.1
   Compiling outref v0.5.2
   Compiling aho-corasick v1.1.4
   Compiling pulldown-cmark v0.13.4
   Compiling time-core v0.1.9
   Compiling num-conv v0.2.2
   Compiling vsimd v0.8.0
   Compiling deranged v0.5.8
   Compiling wyrd-traits v0.0.0 (/home/eddie/wyrd/wyrd.pdca-wt-l1/crates/traits)
   Compiling http v1.4.2
   Compiling reed-solomon-simd v3.1.0
   Compiling http v0.2.12
   Compiling powerfmt v0.2.0
   Compiling tracing v0.1.44
   Compiling rustix v1.1.4
   Compiling tracing-log v0.2.0
   Compiling protobuf v3.7.2
   Compiling bytes-utils v0.1.4
   Compiling zeroize v1.9.0
   Compiling ryu v1.0.23
   Compiling pin-utils v0.1.0
   Compiling chrono v0.4.45
   Compiling opentelemetry v0.33.0
   Compiling num-integer v0.1.46
   Compiling zerofrom v0.1.8
   Compiling stable_deref_trait v1.2.1
   Compiling litemap v0.8.2
   Compiling writeable v0.6.3
   Compiling crc32fast v1.5.0
   Compiling utf8_iter v1.0.4
   Compiling icu_properties_data v2.2.0
   Compiling base64-simd v0.8.0
   Compiling yoke v0.8.3
   Compiling icu_normalizer_data v2.2.0
   Compiling roxmltree v0.21.1
   Compiling form_urlencoded v1.2.2
   Compiling hex v0.4.3
   Compiling spin v0.10.1
   Compiling rustls-pki-types v1.15.0
   Compiling openssl-probe v0.2.1
   Compiling zerovec v0.11.6
   Compiling petgraph v0.8.3
   Compiling zerotrie v0.2.4
   Compiling uuid v1.23.4
   Compiling xmlparser v0.13.6
   Compiling hybrid-array v0.4.13
   Compiling generic-array v0.14.7
   Compiling lru v0.18.4
   Compiling errno v0.3.14
   Compiling mio v1.2.1
   Compiling socket2 v0.6.4
   Compiling signal-hook-registry v1.4.8
   Compiling getrandom v0.3.4
   Compiling rand v0.10.3
   Compiling http-body v1.1.0
   Compiling parking_lot_core v0.9.12
   Compiling redb v4.3.0
   Compiling http-body-util v0.1.3
   Compiling regex-automata v0.4.14
   Compiling rand_core v0.9.5
   Compiling tokio v1.52.3
   Compiling pulldown-cmark-to-cmark v22.0.0
   Compiling crypto-common v0.2.2
   Compiling block-buffer v0.12.1
   Compiling parking_lot v0.12.5
   Compiling http-body v0.4.6
   Compiling axum-core v0.5.6
   Compiling time v0.3.53
   Compiling tinystr v0.8.3
   Compiling potential_utf v0.1.5
   Compiling crypto-common v0.1.7
   Compiling rustls-native-certs v0.8.4
   Compiling arc-swap v1.9.2
   Compiling prost-derive v0.14.4
   Compiling regex-lite v0.1.9
   Compiling ciborium-io v0.2.2
   Compiling icu_collections v2.2.0
   Compiling digest v0.10.7
   Compiling anstyle v1.0.14
   Compiling icu_locale_core v2.2.0
   Compiling clap_lex v1.1.0
   Compiling itertools v0.13.0
   Compiling cast v0.3.0
   Compiling crc-fast v1.10.0
   Compiling same-file v1.0.6
   Compiling logos-derive v0.15.1
   Compiling clap_builder v4.6.0
   Compiling walkdir v2.5.0
   Compiling alloca v0.4.0
   Compiling page_size v0.6.0
   Compiling anes v0.1.6
   Compiling oorandom v11.1.5
   Compiling wyrd-metadata-fdb v0.0.0 (/home/eddie/wyrd/wyrd.pdca-wt-l1/crates/metadata-fdb)
   Compiling wyrd-metadata-tikv v0.0.0 (/home/eddie/wyrd/wyrd.pdca-wt-l1/crates/metadata-tikv)
   Compiling wyrd-coordination-conformance v0.0.0 (/home/eddie/wyrd/wyrd.pdca-wt-l1/crates/coordination-conformance)
   Compiling wyrd-validate v0.0.0 (/home/eddie/wyrd/wyrd.pdca-wt-l1/crates/validate)
   Compiling wyrd-coordination-etcd v0.0.0 (/home/eddie/wyrd/wyrd.pdca-wt-l1/crates/coordination-etcd)
   Compiling digest v0.11.3
   Compiling logos v0.15.1
   Compiling sha2 v0.11.0
   Compiling tempfile v3.27.0
   Compiling futures-executor v0.3.32
   Compiling hmac v0.13.0
   Compiling wyrd-gateway-core v0.0.0 (/home/eddie/wyrd/wyrd.pdca-wt-l1/crates/gateway-core)
   Compiling serde v1.0.229
   Compiling serde_json v1.0.151
   Compiling md-5 v0.11.0
   Compiling sha1 v0.11.0
   Compiling wyrd-metadata-conformance v0.0.0 (/home/eddie/wyrd/wyrd.pdca-wt-l1/crates/metadata-conformance)
   Compiling icu_provider v2.2.0
   Compiling icu_properties v2.2.0
   Compiling icu_normalizer v2.2.0
   Compiling prost v0.14.4
   Compiling tracing-serde v0.2.0
   Compiling prost-types v0.14.4
   Compiling criterion-plot v0.8.2
   Compiling wyrd-core v0.0.0 (/home/eddie/wyrd/wyrd.pdca-wt-l1/crates/core)
   Compiling tinytemplate v1.2.1
   Compiling xtask v0.0.0 (/home/eddie/wyrd/wyrd.pdca-wt-l1/xtask)
   Compiling ppv-lite86 v0.2.21
   Compiling half v2.7.1
   Compiling matchers v0.2.0
   Compiling regex v1.12.4
   Compiling clap v4.6.1
   Compiling tracing-subscriber v0.3.23
   Compiling idna_adapter v1.2.2
   Compiling ciborium-ll v0.2.2
   Compiling idna v1.1.0
   Compiling rand_chacha v0.10.0
   Compiling rand_chacha v0.9.0
   Compiling ciborium v0.2.2
   Compiling prometheus v0.14.0
   Compiling rand v0.9.4
   Compiling wyrd-testkit v0.0.0 (/home/eddie/wyrd/wyrd.pdca-wt-l1/crates/testkit)
   Compiling protox-parse v0.9.0
   Compiling url v2.5.8
   Compiling wyrd-coordination-mem v0.0.0 (/home/eddie/wyrd/wyrd.pdca-wt-l1/crates/coordination-mem)
   Compiling logos-codegen v0.16.1
   Compiling wyrd-chunk-format v0.0.0 (/home/eddie/wyrd/wyrd.pdca-wt-l1/crates/chunk-format)
   Compiling criterion v0.8.2
   Compiling opentelemetry_sdk v0.33.0
   Compiling wyrd-metadata-redb v0.0.0 (/home/eddie/wyrd/wyrd.pdca-wt-l1/crates/metadata-redb)
   Compiling prost-build v0.14.4
   Compiling tracing-opentelemetry v0.34.0
   Compiling tonic-prost-build v0.14.6
   Compiling madsim-tonic-build v0.6.0+0.14
   Compiling logos-derive v0.16.1
   Compiling tokio-util v0.7.18
   Compiling wyrd-chunkstore-fs v0.0.0 (/home/eddie/wyrd/wyrd.pdca-wt-l1/crates/chunkstore-fs)
   Compiling wyrd-metadata-fault-conformance v0.0.0 (/home/eddie/wyrd/wyrd.pdca-wt-l1/crates/metadata-fault-conformance)
   Compiling aws-smithy-async v1.3.0
   Compiling logos v0.16.1
   Compiling prost-reflect v0.16.4
   Compiling h2 v0.4.19
   Compiling tower v0.5.3
   Compiling tokio-stream v0.1.19
   Compiling aws-smithy-types v1.8.1
   Compiling opentelemetry-prometheus v0.33.0
   Compiling aws-smithy-runtime-api v1.18.0
   Compiling aws-smithy-eventstream v0.61.4
   Compiling aws-smithy-schema v0.2.1
   Compiling aws-smithy-http v0.64.0
   Compiling aws-credential-types v1.3.0
   Compiling aws-smithy-observability v0.3.0
   Compiling protox v0.9.1
   Compiling aws-sigv4 v1.6.0
   Compiling aws-smithy-checksums v0.65.0
   Compiling aws-smithy-runtime v1.15.0
   Compiling aws-types v1.6.0
   Compiling aws-smithy-xml v0.62.1
   Compiling aws-smithy-json v0.63.1
   Compiling wyrd-proto v0.0.0 (/home/eddie/wyrd/wyrd.pdca-wt-l1/crates/proto)
   Compiling hyper v1.10.1
   Compiling hyper-util v0.1.20
   Compiling aws-runtime v1.10.0
   Compiling axum v0.8.9
   Compiling hyper-timeout v0.5.2
   Compiling aws-smithy-http-client v1.4.2
   Compiling aws-sdk-s3 v1.148.0
   Compiling tonic v0.14.6
   Compiling wyrd-gateway-s3 v0.0.0 (/home/eddie/wyrd/wyrd.pdca-wt-l1/crates/gateway-s3)
   Compiling tonic-prost v0.14.6
   Compiling tonic-types v0.14.6
   Compiling opentelemetry-proto v0.33.0
   Compiling tonic-health v0.14.6
   Compiling wyrd-chunkstore-grpc v0.0.0 (/home/eddie/wyrd/wyrd.pdca-wt-l1/crates/chunkstore-grpc)
   Compiling opentelemetry-otlp v0.33.0
   Compiling wyrd-telemetry v0.0.0 (/home/eddie/wyrd/wyrd.pdca-wt-l1/crates/telemetry)
   Compiling wyrd-custodian v0.0.0 (/home/eddie/wyrd/wyrd.pdca-wt-l1/crates/custodian)
   Compiling wyrd-server v0.0.0 (/home/eddie/wyrd/wyrd.pdca-wt-l1/crates/server)
    Finished `dev` profile [unoptimized + debuginfo] target(s) in 30.14s

$ cargo test --workspace --exclude wyrd-dst
    Finished `test` profile [unoptimized + debuginfo] target(s) in 0.11s
     Running unittests src/lib.rs (target/debug/deps/wyrd_chunk_format-f6a2e63754101885)

running 18 tests
test codec::tests::refuses_an_encrypted_payload ... ok
test codec::tests::header_length_exact_buffer_is_truncated_payload ... ok
test codec::tests::rejects_a_reserved_ec_scheme ... ok
test codec::tests::rejects_a_corrupt_payload ... ok
test codec::tests::rejects_a_truncated_payload ... ok
test codec::tests::rejects_an_unsupported_encryption_scheme ... ok
test codec::tests::rejects_an_unsupported_checksum_algo ... ok
test codec::tests::rejects_bad_magic ... ok
test codec::tests::rejects_a_short_buffer ... ok
test codec::tests::rejects_header_length_past_buffer ... ok
test codec::tests::round_trips_a_basic_fragment ... ok
test codec::tests::rejects_header_length_below_core ... ok
test codec::tests::rejects_an_unknown_version ... ok
test codec::tests::rejects_a_reserved_flag ... ok
test codec::tests::rejects_a_corrupt_header ... ok
test codec::tests::round_trips_an_empty_payload ... ok
test codec::tests::round_trips_a_replication_fragment ... ok
test error::tests::variant_name_is_distinct_and_nonempty ... ok

test result: ok. 18 passed; 0 failed; 0 ignored; 0 measured; 0 filtered out; finished in 0.00s

     Running tests/roundtrip.rs (target/debug/deps/roundtrip-48fcdd10be7d2139)

running 1 test
test encode_decode_round_trips_across_seeds ... ok

test result: ok. 1 passed; 0 failed; 0 ignored; 0 measured; 0 filtered out; finished in 0.02s

     Running unittests src/lib.rs (target/debug/deps/wyrd_chunkstore_fs-f3420f260727ff01)

running 4 tests
test tests::not_a_fragment_error_exposes_its_source ... ok
test tests::parse_chunk_dir_name_requires_full_width_and_hex ... ok
test tests::scratch_names_are_unique_per_seq_and_invisible_to_listing ... ok
test tests::list_fragments_on_an_absent_root_is_empty_not_an_error ... ok

test result: ok. 4 passed; 0 failed; 0 ignored; 0 measured; 0 filtered out; finished in 0.00s

     Running tests/blocking_offload.rs (target/debug/deps/blocking_offload-0294d9948dea360a)

running 1 test
test storage_io_burst_does_not_starve_a_co_scheduled_timer ... ok

test result: ok. 1 passed; 0 failed; 0 ignored; 0 measured; 0 filtered out; finished in 0.18s

     Running tests/concurrent_put.rs (target/debug/deps/concurrent_put-1617291e783eae04)

running 3 tests
test concurrent_same_id_writes_all_succeed_and_publish_one_verified_fragment ... ok
test writers_expiring_after_admission_refuse_themselves_and_never_remove_the_fragment ... ok
test a_rollback_next_to_a_live_writer_creating_the_same_chunk_never_costs_it_its_write ... ok

test result: ok. 3 passed; 0 failed; 0 ignored; 0 measured; 0 filtered out; finished in 0.09s

     Running tests/conformance.rs (target/debug/deps/conformance-5c503d8d5e4d1890)

running 20 tests
test a_genuine_backend_fault_is_not_a_deadline_refusal ... ok
test fragments_of_one_chunk_are_addressed_independently_by_index ... ok
test a_refusal_leaves_a_chunk_directory_a_concurrent_write_is_using ... ok
test a_refusal_never_removes_the_chunk_directory_even_one_it_created ... ok
test a_refusal_the_store_could_not_roll_back_is_reported_as_a_backend_fault ... ok
test a_publication_the_store_could_not_verify_is_never_acknowledged ... ok
test an_expiring_write_never_disturbs_an_already_published_fragment ... ok
test a_refusal_whose_scratch_already_vanished_is_still_a_clean_refusal ... ok
test get_unknown_id_is_none ... ok
test health_is_healthy_when_open ... ok
test corruption_is_detected_on_read ... ok
test put_rejects_chunk_or_index_mismatch ... ok
test list_skips_foreign_and_temp_entries ... ok
test put_then_get_is_byte_identical ... ok
test put_refuses_an_expired_deadline_at_admission_without_touching_the_disk ... ok
test put_rejects_non_fragment_bytes ... ok
test put_within_its_deadline_is_unaffected ... ok
test list_and_delete_walk_the_store ... ok
test the_deadline_verdict_falls_after_the_bytes_are_written_and_before_publication ... ok
test the_empty_directories_late_writes_leave_are_collected_at_the_next_open ... ok

test result: ok. 20 passed; 0 failed; 0 ignored; 0 measured; 0 filtered out; finished in 0.00s

     Running unittests src/lib.rs (target/debug/deps/wyrd_chunkstore_grpc-9cefdbfdb074c061)

running 16 tests
test client::tests::a_write_with_a_deadline_still_decodes_both_outcomes ... ok
test client::tests::a_write_with_no_deadline_never_decodes_a_deadline_outcome ... ok
test client::tests::data_loss_is_integrity_and_the_rest_fail_safe_to_terminal ... ok
test client::tests::the_transient_trio_codes_all_classify_transient ... ok
test error::tests::source_exposes_the_wrapped_status ... ok
test error::tests::status_code_maps_to_the_specific_transport_variant ... ok
test fanout::tests::route_places_each_index_on_index_mod_n ... ok
test fanout::tests::list_fragments_unions_every_backend ... ok
test fanout::tests::health_is_unhealthy_only_when_all_backends_are ... ok
test fanout::tests::routing_forwards_the_authorization_deadline_unchanged ... ok
test fanout::tests::get_fragment_at_resolves_an_ec_none_fragment_moved_off_its_index_home ... ok
test fanout::tests::health_is_healthy_only_when_all_backends_are ... ok
test fanout::tests::health_degrades_on_a_single_dead_backend ... ok
test fanout::tests::put_fragment_at_places_on_the_named_dserver_not_index_mod_n ... ok
test fanout::tests::get_fragment_at_resolves_every_fragment_in_a_rotated_reed_solomon_placement ... ok
test fanout::tests::width_reports_the_backing_store_count ... ok

test result: ok. 16 passed; 0 failed; 0 ignored; 0 measured; 0 filtered out; finished in 0.00s

     Running tests/dserver_image.rs (target/debug/deps/dserver_image-b5eaad02437b8d3f)

running 1 test
test runtime_stage_sets_non_root_user_before_entrypoint ... ok

test result: ok. 1 passed; 0 failed; 0 ignored; 0 measured; 0 filtered out; finished in 0.00s

     Running tests/error_class.rs (target/debug/deps/error_class-125f36da95a5a167)

running 7 tests
test the_transient_class_keeps_the_transport_detail_reachable ... ok
test a_dns_resolution_failure_classifies_transient_on_dial ... ok
test a_genuine_integrity_fault_classifies_integrity_over_grpc ... ok
test a_store_named_transient_fault_classifies_transient_over_grpc ... ok
test transient_and_terminal_are_distinguishable_across_the_seam ... ok
test a_genuine_unreachable_d_server_classifies_transient_over_grpc ... ok
test a_genuine_request_timeout_classifies_transient_over_grpc ... ok

test result: ok. 7 passed; 0 failed; 0 ignored; 0 measured; 0 filtered out; finished in 0.25s

     Running tests/list_delete.rs (target/debug/deps/list_delete-f52781ea2ae33a10)

running 2 tests
test list_and_delete_in_process ... ok
test list_and_delete_over_grpc ... ok

test result: ok. 2 passed; 0 failed; 0 ignored; 0 measured; 0 filtered out; finished in 0.01s

     Running tests/read_fault_seam.rs (target/debug/deps/read_fault_seam-83507e20bd2f9cf7)

running 2 tests
test remote_generic_error_stays_transient_transport_error_over_grpc ... ok
test remote_eio_is_block_read_fault_not_corruption_over_grpc ... ok

test result: ok. 2 passed; 0 failed; 0 ignored; 0 measured; 0 filtered out; finished in 0.00s

     Running tests/round_trip.rs (target/debug/deps/round_trip-c361589b03abfde6)

running 6 tests
test put_of_a_malformed_fragment_is_invalid_argument_over_grpc ... ok
test a_write_that_expires_before_the_server_applies_it_is_refused_over_grpc ... ok
test a_publication_the_server_could_not_verify_reconstructs_as_indeterminate_over_grpc ... ok
test put_with_an_expired_deadline_is_refused_and_reconstructs_as_write_deadline_expired ... ok
test get_of_a_rotten_fragment_is_an_integrity_fault_over_grpc ... ok
test put_get_health_round_trip_over_grpc ... ok

test result: ok. 6 passed; 0 failed; 0 ignored; 0 measured; 0 filtered out; finished in 0.05s

     Running tests/tier1_jepsen_consistency.rs (target/debug/deps/tier1_jepsen_consistency-aa3776faea24a00f)

running 19 tests
test commit_point_atomic_fails_when_orphan_absent ... ok
test commit_point_atomic_passes_when_orphan_exists_and_victim_in_placement ... ok
test commit_point_atomic_fails_when_victim_not_in_committed_placement ... ok
test distinct_domains_fails_for_unregistered_server ... ok
test distinct_domains_passes_for_all_different ... ok
test distinct_domains_fails_for_duplicate_domain ... ok
test exactly_once_convergence_fails_on_duplicate_commit ... ok
test jepsen_consistency_over_repair_under_live_partition_and_crash ... ignored, Tier-1: needs real containerized D servers — run via `cargo xtask jepsen`
test jepsen_consistency_over_repair_under_partition_and_crash ... ignored, Tier-1: needs real containerized D servers — run via `cargo xtask jepsen`
test exactly_once_convergence_fails_on_lost_commit ... ok
test exactly_once_convergence_passes_when_version_increments_by_one ... ok
test node_liveness_during_isolation_fails_when_paused ... ok
test node_liveness_during_isolation_passes_when_running ... ok
test node_liveness_during_isolation_fails_when_exited ... ok
test read_after_commit_passes_when_all_committed_servers_are_readable ... ok
test redundancy_outcome_fails_when_dead_server_in_placement ... ok
test read_after_commit_fails_when_committed_server_is_not_readable ... ok
test redundancy_outcome_fails_when_wrong_fragment_count ... ok
test redundancy_outcome_passes_when_victim_absent_and_n_fragments ... ok

test result: ok. 17 passed; 0 failed; 2 ignored; 0 measured; 0 filtered out; finished in 0.00s

     Running tests/tier2_integration.rs (target/debug/deps/tier2_integration-7ec3d1392cc349f6)

running 1 test
test write_read_byte_identical_over_real_networked_dservers ... ignored, Tier-2: needs real containerized gRPC D servers — run via `cargo xtask integration`

test result: ok. 0 passed; 0 failed; 1 ignored; 0 measured; 0 filtered out; finished in 0.00s

     Running tests/tier2_kill_reconstruct.rs (target/debug/deps/tier2_kill_reconstruct-b64c1ed29c140a38)

running 10 tests
test distinct_domains_passes_for_all_different ... ok
test distinct_domains_fails_for_duplicate_domain ... ok
test kill_reconstruct_restores_full_redundancy_in_distinct_domains ... ignored, Tier-2: needs real containerized D servers — run via `cargo xtask kill-reconstruct`
test distinct_domains_fails_for_unregistered_server ... ok
test garbage_not_corruption_fails_when_orphan_is_absent ... ok
test garbage_not_corruption_fails_when_victim_not_in_committed_placement ... ok
test redundancy_outcome_fails_when_wrong_fragment_count ... ok
test redundancy_outcome_fails_when_victim_in_placement ... ok
test garbage_not_corruption_passes_when_orphan_exists_and_victim_still_in_committed_placement ... ok
test redundancy_outcome_passes_when_victim_absent_and_n_fragments ... ok

test result: ok. 9 passed; 0 failed; 1 ignored; 0 measured; 0 filtered out; finished in 0.00s

     Running tests/write_deadline.rs (target/debug/deps/write_deadline-ae3c393492836657)

running 5 tests
test a_live_write_within_its_deadline_stores_and_reads_back_byte_identical ... ok
test absent_deadline_stores_exactly_as_before_issue_638 ... ok
test expired_deadline_is_refused_by_the_server_and_never_stored ... ok
test a_deadline_refusal_is_distinguishable_from_both_a_client_fault_and_a_disk_fault ... ok
test a_write_parked_past_its_deadline_is_refused_when_finally_applied ... ok

test result: ok. 5 passed; 0 failed; 0 ignored; 0 measured; 0 filtered out; finished in 0.61s

     Running unittests src/lib.rs (target/debug/deps/wyrd_coordination_conformance-be1125eb9bfddb33)

running 0 tests

test result: ok. 0 passed; 0 failed; 0 ignored; 0 measured; 0 filtered out; finished in 0.00s

     Running tests/demonstrated_red.rs (target/debug/deps/demonstrated_red-e730ff3d3e5aee95)

running 8 tests
test a_correct_store_passes_every_clause ... ok
test config_catches_a_frozen_revision_after_read_back_passes - should panic ... ok
test leases_catch_a_duplicate_id_store - should panic ... ok
test fencing_catches_a_constant_token_store - should panic ... ok
test register_then_discover_catches_a_store_that_never_discovers - should panic ... ok
test config_catches_a_global_write_counter_revision - should panic ... ok
test renew_and_revoke_catches_a_store_that_never_revokes - should panic ... ok
test locks_catch_a_non_exclusive_store - should panic ... ok

test result: ok. 8 passed; 0 failed; 0 ignored; 0 measured; 0 filtered out; finished in 0.00s

     Running unittests src/lib.rs (target/debug/deps/wyrd_coordination_etcd-220fb629532e41c0)

running 10 tests
test fencing::tests::tokens_track_the_revision_monotonically ... ok
test fencing::tests::a_non_positive_revision_floors_at_zero_not_wraps ... ok
test hold::tests::a_tiny_or_bogus_ttl_is_floored_at_one_second ... ok
test keyspace::tests::discovery_prefix_isolates_hierarchical_keys ... ok
test keyspace::tests::member_key_is_stable_and_lease_scoped ... ok
test keyspace::tests::namespaces_do_not_collide ... ok
test keyspace::tests::discovery_prefix_isolates_sibling_keys ... ok
test keyspace::tests::election_prefix_isolates_hierarchical_keys ... ok
test hold::tests::renews_at_a_third_of_the_ttl_with_headroom ... ok
test keyspace::tests::concerns_live_under_disjoint_prefixes ... ok

test result: ok. 10 passed; 0 failed; 0 ignored; 0 measured; 0 filtered out; finished in 0.00s

     Running tests/conformance.rs (target/debug/deps/conformance-baa48d9adc7b74d6)

running 1 test
test trait_contract_against_etcd ... ok

test result: ok. 1 passed; 0 failed; 0 ignored; 0 measured; 0 filtered out; finished in 0.00s

     Running unittests src/lib.rs (target/debug/deps/wyrd_coordination_mem-7cb9c66502b2ca47)

running 0 tests

test result: ok. 0 passed; 0 failed; 0 ignored; 0 measured; 0 filtered out; finished in 0.00s

     Running tests/conformance.rs (target/debug/deps/conformance-d51730000d14c957)

running 7 tests
test a_lease_expires_once_its_ttl_elapses ... ok
test config_is_mutable_and_revisioned ... ok
test lease_ids_rise_within_the_process ... ok
test a_lease_is_gone_at_its_exact_expiry_instant ... ok
test renewal_extends_a_lease_and_expired_leases_cannot_renew ... ok
test revoke_withdraws_a_registration_immediately ... ok
test trait_contract ... ok

test result: ok. 7 passed; 0 failed; 0 ignored; 0 measured; 0 filtered out; finished in 0.00s

     Running unittests src/lib.rs (target/debug/deps/wyrd_core-27ed7cf832453351)

running 65 tests
test erasure::tests::coder_error_exposes_its_wrapped_source ... ok
test erasure::tests::reconstruct_with_m_zero_is_a_typed_error_even_with_all_k_shards_present ... ok
test erasure::tests::supported_accepts_the_schemes_this_module_round_trips ... ok
test erasure::tests::reconstruct_with_k_zero_is_a_typed_error_not_a_panic ... ok
test metadata::orphan_mark_codec::an_event_names_a_retirement_only_in_the_retire_key_grammars_spelling ... ok
test metadata::orphan_mark_codec::a_writer_cannot_encode_what_the_decoder_refuses ... ok
test metadata::orphan_mark_codec::the_structured_and_reclaiming_shapes_round_trip_byte_for_byte ... ok
test metadata::orphan_mark_codec::the_legacy_shape_is_every_existing_writers_bare_decimal ... ok
test metadata::orphan_mark_codec::a_value_outside_the_encoders_image_is_refused ... ok
test metadata::placement_move::chunk_at_needs_both_the_offset_and_the_reference ... ok
test metadata::placement_move::segment_may_hold_is_the_half_open_span_plus_an_empty_chunks_end ... ok
test metadata::segmented_shape_invariants::a_decoded_root_exposes_which_shape_it_is ... ok
test metadata::segmented_shape_invariants::a_decoded_segment_record_reports_the_span_its_chunks_cover ... ok
test metadata::segmented_shape_invariants::a_group_prefix_can_never_alias_another_generations_epoch_range ... ok
test metadata::segmented_shape_invariants::a_segment_record_covering_no_bytes_is_err ... ok
test metadata::segmented_shape_invariants::a_segment_index_past_the_key_space_is_neither_a_key_nor_a_value ... ok
test metadata::segmented_shape_invariants::every_span_arithmetic_that_leaves_u64_is_refused_not_wrapped ... ok
test metadata::segmented_shape_invariants::segment_key_round_trips_over_the_whole_addressable_index_space ... ok
test metadata::segmented_shape_invariants::only_canonical_epoch_spellings_address_a_segment ... ok
test metadata::segmented_shape_invariants::segment_record_chunk_lengths_not_summing_to_byte_len_is_err ... ok
test metadata::tests::read_path_fragments_stays_liberal_for_malformed_placement ... ok
test metadata::tests::the_value_ceiling_admits_the_boundary_and_refuses_only_past_it ... ok
test metadata::tests::empty_placement_is_valid_pre_m3_identity ... ok
test placement::tests::domain_utilization_sums_per_domain ... ok
test metadata::tests::full_length_placement_is_valid ... ok
test metadata::tests::non_empty_wrong_length_placement_is_malformed ... ok
test placement::tests::excluding_carries_retained_utilization_not_excluded ... ok
test metadata::segmented_shape_invariants::wrong_width_segment_index_key_is_malformed ... ok
test placement::tests::refuses_when_domains_below_n ... ok
test placement::tests::places_when_free_domains_exactly_equal_need ... ok
test placement::tests::excluding_drops_servers_and_their_utilization ... ok
test placement::tests::replacement_refuses_when_no_free_domain_remains ... ok
test placement::tests::places_across_n_distinct_domains ... ok
test placement::tests::replacement_avoids_occupied_domains ... ok
test read::tests::read_chunk_rejects_a_stored_k_zero_scheme ... ok
test read::tests::read_chunk_rejects_a_stored_m_zero_scheme ... ok
test multipart::open_teardown::only_a_completing_session_has_one_and_both_obligations_match_their_keys ... ok
test repair::tests::replication_single_copy_fragment_is_admitted_under_scheme_none ... ok
test repair::tests::intact_shard_accepts_the_expected_fragment_and_rejects_wrong_identity ... ok
test multipart::open_teardown::only_an_open_session_has_a_teardown_and_its_obligation_matches_its_key ... ok
test read::tests::oversized_inode_size_with_empty_chunk_map_errors_cleanly_not_panics ... ok
test metadata::placement_move::flat_arm_refuses_a_version_it_cannot_advance ... ok
test metadata::placement_move::flat_arm_conflicts_on_a_changed_chunk_and_on_a_superseded_root ... ok
test metadata::segmented_shape_invariants::a_segmented_prior_outranks_the_lease_state_it_is_committed_under ... ok
test metadata::placement_move::segmented_arm_rewrites_only_the_covering_segment_and_never_the_root ... ok
test metadata::segmented_shape_invariants::create_refuses_a_record_it_could_not_read_back ... ok
test metadata::placement_move::a_superseded_root_fails_the_batch_or_the_move ... ok
test metadata::placement_move::flat_arm_moves_the_placement_and_advances_the_version_preserving_metadata ... ok
test metadata::segmented_shape_invariants::every_chunk_map_commit_refuses_a_segmented_prior_instead_of_stranding_its_segments ... ok
test metadata::placement_move::a_damaged_segment_of_the_live_generation_is_structural_corruption ... ok
test metadata::segmented_shape_invariants::create_refuses_a_segmented_record_this_build_cannot_publish ... ok
test metadata::segmented_shape_invariants::unlink_refuses_a_segmented_inode_rather_than_unbind_fragments_it_cannot_orphan ... ok
test metadata::placement_move::a_zero_length_chunk_on_a_segment_boundary_is_found_by_equality ... ok
test metadata::placement_move::a_sibling_edit_is_merged_and_an_edit_to_the_planned_chunk_conflicts ... ok
test metadata::placement_move::a_replacement_placement_must_name_every_fragment ... ok
test metadata::segmented_shape_invariants::high_water_marks_is_total_over_records_it_cannot_read ... ok
test metadata::placement_move::a_segment_row_over_the_ceiling_is_never_decoded_nor_rewritten ... ok
test metadata::placement_move::flat_arm_refuses_a_record_the_move_would_push_past_the_value_ceiling ... ok
test erasure::tests::fewer_than_k_shards_is_an_error ... ok
test erasure::tests::reconstruct_with_k_zero_and_nonempty_available_is_still_a_typed_error ... ok
test metadata::placement_move::segmented_arm_weighs_its_record_against_the_full_value_ceiling ... ok
test erasure::tests::round_trip_matrix ... ok
test erasure::tests::reconstructs_from_every_six_of_nine_for_rs_6_3 ... ok
test metadata::placement_move::seeded_moves_race_each_other_and_the_roots_retirement ... ok
test erasure::tests::seeded_random_data_and_subsets_round_trip ... ok

test result: ok. 65 passed; 0 failed; 0 ignored; 0 measured; 0 filtered out; finished in 1.21s

     Running tests/buffered_lease_lapse.rs (target/debug/deps/buffered_lease_lapse-67a9e1f1dfa9ad8d)

running 3 tests
test stalled_buffered_placed_create_fails_closed_when_its_lease_lapses ... ok
test buffered_create_inside_the_ttl_still_publishes ... ok
test stalled_buffered_create_fails_closed_when_its_lease_lapses ... ok

test result: ok. 3 passed; 0 failed; 0 ignored; 0 measured; 0 filtered out; finished in 0.01s

     Running tests/domain_placement.rs (target/debug/deps/domain_placement-b8574670ea147c3b)

running 1 test
test write_records_distinct_domain_placement_not_identity ... ok

test result: ok. 1 passed; 0 failed; 0 ignored; 0 measured; 0 filtered out; finished in 0.04s

     Running tests/fragment_identity.rs (target/debug/deps/fragment_identity-779e72599408ca24)

running 3 tests
test ec_read_rejects_a_fragment_whose_ec_tuple_disagrees_with_scheme ... ok
test ec_read_rejects_a_same_scheme_type_wrong_geometry_fragment ... ok
test ec_read_rejects_a_same_chunk_wrong_index_fragment ... ok

test result: ok. 3 passed; 0 failed; 0 ignored; 0 measured; 0 filtered out; finished in 0.04s

     Running tests/multipart_budget_admission.rs (target/debug/deps/multipart_budget_admission-6ce5ed064cedf154)

running 18 tests
test an_unknown_field_or_unreadable_bytes_are_refused_rather_than_dropped ... ok
test g1_zero_part_chunks_is_refused_before_the_derivation ... ok
test g5_owned_staging_range_past_scan_cap_half_is_refused ... ok
test g2_zero_inflight_parts_is_refused ... ok
test g6_staged_ceiling_below_one_maximal_part_is_refused ... ok
test g4_more_parts_in_flight_than_the_session_may_hold_is_refused ... ok
test g3_parts_per_session_past_the_key_space_is_refused ... ok
test p2_staged_ceiling_above_any_publishable_product_still_decodes ... ok
test p3_part_chunks_outside_the_proposal_window_still_decodes ... ok
test p_arith_reject_maximal_record_names_the_rule_exact_arithmetic_violates ... ok
test g7_reference_budget_below_one_session_is_refused ... ok
test max_sessions_is_clamped_to_scan_cap_half_when_that_term_binds ... ok
test p_arith_accept_maximal_staged_chunks_decodes ... ok
test g8_stored_limit_disagreeing_with_its_own_profile_is_refused ... ok
test p1_count_above_its_own_max_sessions_still_decodes ... ok
test u_ref_takes_whichever_of_its_two_arms_binds ... ok
test re_encoding_a_record_this_codec_wrote_is_byte_identical ... ok
test round_trip_preserves_every_field ... ok

test result: ok. 18 passed; 0 failed; 0 ignored; 0 measured; 0 filtered out; finished in 0.00s

     Running tests/multipart_keys.rs (target/debug/deps/multipart_keys-d083b54f9c350fea)

running 21 tests
test a_retire_key_reports_an_unknown_mode_apart_from_a_key_that_does_not_decode ... ok
test digest_hex_is_the_exact_inverse_over_every_byte_value ... ok
test mpu_key_round_trips_and_rejects_noncanonical ... ok
test a_session_range_selects_exactly_its_own_class_and_session ... ok
test no_key_prefix_is_a_prefix_of_another ... ok
test psum_key_round_trips_and_rejects_noncanonical ... ok
test fixed_width_key_byte_order_matches_numeric_order ... ok
test pinned_format_constants_hold ... ok
test part_key_round_trips_and_rejects_noncanonical ... ok
test digest_hex_rejects_every_second_spelling ... ok
test scan_mpu_does_not_reach_the_mpuctl_singleton ... ok
test retire_key_rejects_a_token_of_neither_form_and_every_malformed_spelling ... ok
test retire_key_round_trips_both_token_forms_under_both_modes ... ok
test sidx_is_not_reachable_from_a_pending_scan ... ok
test every_rejection_is_a_typed_error_that_names_the_violation ... ok
test serde_decode_routes_through_the_validating_constructors ... ok
test the_identity_accessors_return_the_value_they_were_built_from ... ok
test upload_and_attempt_ids_validate_the_token_grammar ... ok
test the_canonical_spelling_of_every_key_is_pinned_to_the_byte ... ok
test sidx_key_round_trips_and_rejects_noncanonical ... ok
test slot_key_round_trips_and_rejects_noncanonical ... ok

test result: ok. 21 passed; 0 failed; 0 ignored; 0 measured; 0 filtered out; finished in 0.00s

     Running tests/multipart_knobs.rs (target/debug/deps/multipart_knobs-89f6bf0a06803cc0)

running 8 tests
test leg1_the_shipped_set_passes_every_clamp ... ok
test leg3_each_budget_takes_the_half_0016_states ... ok
test leg3_the_chunk_caps_are_half_a_value_over_the_measured_worst_chunk_ref ... ok
test leg3_u_ref_and_the_session_limit_follow_the_formulas_under_either_arm ... ok
test leg5_the_two_retry_budgets_are_separate_and_contention_outlasts_the_room ... ok
test leg5_the_backoff_is_bounded_jittered_and_grows_with_the_attempt ... ok
test leg2_each_clamp_passes_its_bound_and_names_itself_one_step_past_it ... ok
test leg4_every_capacity_fits_its_key_space_in_byte_order_at_the_cap ... ok

test result: ok. 8 passed; 0 failed; 0 ignored; 0 measured; 0 filtered out; finished in 0.00s

     Running tests/multipart_owned_staging.rs (target/debug/deps/multipart_owned_staging-5a2abb15ba856417)

running 15 tests
test s2_an_owner_other_than_the_keys_upload_id_is_refused ... ok
test s1_staged_geometry_the_erasure_coder_refuses_is_a_typed_error ... ok
test an_owned_entry_round_trips_under_its_own_key ... ok
test an_explicit_null_ownership_field_is_refused ... ok
test s4_each_namespace_refuses_the_other_namespaces_shape ... ok
test s7_an_ordinary_pending_entry_reencodes_byte_identically ... ok
test s6_a_length_mismatched_staged_placement_decodes ... ok
test staged_scheme_is_read_through_a_closed_wire ... ok
test s8_an_owned_entry_reencodes_byte_identically_across_a_renewal ... ok
test s9_an_owned_entry_is_minted_outside_the_crate_through_the_checked_path ... ok
test s4_renew_pending_refuses_a_misfiled_owned_entry ... ok
test s4_a_leased_commit_refuses_over_a_misfiled_owned_entry ... ok
test s3_a_torn_value_is_refused_under_both_namespaces ... ok
test s4_the_pending_writers_refuse_to_store_an_owned_entry ... ok
test s5_the_lease_sweep_skips_what_it_cannot_read_and_completes_for_the_rest ... ok

test result: ok. 15 passed; 0 failed; 0 ignored; 0 measured; 0 filtered out; finished in 0.30s

     Running tests/multipart_retire_obligation.rs (target/debug/deps/multipart_retire_obligation-2e6ec3082ea10159)

running 28 tests
test a_key_that_names_no_obligation_is_rejected ... ok
test a_component_spelled_outside_its_grammar_is_rejected ... ok
test a_component_under_the_wrong_mode_is_rejected ... ok
test a_generation_naming_both_sources_is_rejected ... ok
test a_noncanonical_part_number_set_is_rejected ... ok
test a_segment_group_epoch_other_than_the_tokens_is_rejected ... ok
test a_generation_disagreeing_with_its_token_is_rejected ... ok
test a_session_wide_component_under_a_per_part_token_is_rejected ... ok
test bytes_generation_with_chunks_decodes ... ok
test a_placement_length_mismatch_still_decodes ... ok
test bytes_chunks_under_a_per_part_token_decodes ... ok
test a_foreign_spelling_of_an_accepted_payload_is_rejected ... ok
test a_segment_groups_nonce_and_a_generations_epoch_are_unchecked ... ok
test bytes_generation_with_segments_decodes ... ok
test an_obligation_owing_nothing_is_rejected ... ok
test bytes_session_alone_decodes ... ok
test an_unknown_or_omitted_field_is_rejected ... ok
test bytes_parts_alone_decodes ... ok
test bytes_session_and_all_parts_decodes ... ok
test bytes_session_and_parts_decodes ... ok
test records_parts_decodes ... ok
test records_seg_decodes ... ok
test part_number_set_minting_is_canonical_and_never_empty ... ok
test chunks_under_a_session_wide_token_is_rejected ... ok
test the_all_parts_wildcard_outside_a_session_teardown_is_rejected ... ok
test the_mode_is_part_of_the_decoded_obligation ... ok
test an_unsupported_chunk_scheme_is_rejected ... ok
test records_parts_and_seg_decodes ... ok

test result: ok. 28 passed; 0 failed; 0 ignored; 0 measured; 0 filtered out; finished in 0.00s

     Running tests/multipart_segment_nonce.rs (target/debug/deps/multipart_segment_nonce-bae603a77363b259)

running 17 tests
test leg_a_nonce_decodes_and_re_encodes_byte_identically::aborting ... ok
test leg_a_nonce_decodes_and_re_encodes_byte_identically::completing ... ok
test leg_a_nonce_decodes_and_re_encodes_byte_identically::open ... ok
test fixture_is_the_shared_wire_spelling ... ok
test leg_b_record_without_nonce_is_refused::aborting ... ok
test leg_a_nonce_decodes_and_re_encodes_byte_identically::completed ... ok
test leg_c_nonce_not_32_lowercase_hex_is_refused::aborting ... ok
test leg_b_record_without_nonce_is_refused::completed ... ok
test leg_b_record_without_nonce_is_refused::completing ... ok
test leg_c_nonce_not_32_lowercase_hex_is_refused::completing ... ok
test leg_c_nonce_not_32_lowercase_hex_is_refused::open ... ok
test leg_b_record_without_nonce_is_refused::open ... ok
test leg_d_nonce_named_once_in_one_position::aborting ... ok
test leg_d_nonce_named_once_in_one_position::open ... ok
test leg_d_nonce_named_once_in_one_position::completing ... ok
test leg_c_nonce_not_32_lowercase_hex_is_refused::completed ... ok
test leg_d_nonce_named_once_in_one_position::completed ... ok

test result: ok. 17 passed; 0 failed; 0 ignored; 0 measured; 0 filtered out; finished in 0.00s

     Running tests/multipart_session_records.rs (target/debug/deps/multipart_session_records-7d2a7e04f9d1aa8d)

running 37 tests
test completion_round_trips_standalone ... ok
test completing_cursor_past_key_space_is_rejected ... ok
test leg_1c_epoch_publish_target_epoch_mismatch_is_rejected ... ok
test completing_cursor_at_key_space_boundary_still_decodes ... ok
test completing_session_exposes_its_attempt_segment_group ... ok
test leg_1c_publish_target_key_mismatch_is_rejected ... ok
test leg_1i_chunk_scheme_unsupported_is_rejected ... ok
test leg_1i_chunk_ref_wrong_placement_length_still_decodes ... ok
test leg_1j_open_session_with_forbidden_completing_field_is_rejected ... ok
test leg_1j_completing_session_missing_required_field_is_rejected ... ok
test leg_1i_slot_lease_already_lapsed_is_rejected ... ok
test leg_1k_part_length_mismatch_is_rejected ... ok
test leg_1m_unknown_field_in_nested_chunk_is_rejected ... ok
test leg_1m_unknown_field_in_nested_scheme_is_rejected ... ok
test leg_1m_unknown_field_is_rejected ... ok
test noncanonical_escape_spelling_is_rejected_for_part_summary ... ok
test noncanonical_field_order_is_rejected_for_session ... ok
test noncanonical_whitespace_is_rejected_for_slot ... ok
test noncanonical_nested_chunk_order_is_rejected_for_part ... ok
test part_chunk_omitted_placement_is_rejected ... ok
test part_length_overflow_is_rejected ... ok
test part_summary_omitted_digest_is_rejected ... ok
test part_round_trips ... ok
test part_summary_round_trips ... ok
test only_completing_sessions_have_an_attempt_segment_group ... ok
test publish_target_round_trips_standalone ... ok
test part_with_zero_length_chunk_is_empty ... ok
test session_absent_content_type_re_encodes_omitted ... ok
test session_aborting_round_trips ... ok
test session_completing_round_trips ... ok
test session_null_content_type_spelling_is_rejected ... ok
test session_completed_round_trips ... ok
test session_open_round_trips ... ok
test session_state_round_trips_standalone ... ok
test slot_round_trips ... ok
test session_exposes_its_segment_nonce_in_every_state ... ok
test session_with_content_type_round_trips ... ok

test result: ok. 37 passed; 0 failed; 0 ignored; 0 measured; 0 filtered out; finished in 0.00s

     Running tests/multipart_state_machine.rs (target/debug/deps/multipart_state_machine-9575563050cde851)

running 22 tests
test complete_fingerprint_agrees_on_an_identical_retry ... ok
test complete_fingerprint_disagrees_on_a_strict_subset ... ok
test complete_fingerprint_disagrees_on_the_same_digests_under_different_numbers ... ok
test complete_fingerprint_disagrees_on_one_changed_digest ... ok
test complete_fingerprint_refuses_what_multipart_etag_refuses ... ok
test a_tombstone_recording_a_bare_digest_is_refused_at_decode ... ok
test complete_fingerprint_is_the_oracle ... ok
test multipart_etag_of_one_part_is_the_oracle ... ok
test multipart_etag_is_over_raw_digest_bytes_not_hex_text ... ok
test multipart_etag_of_a_strict_subset_differs_from_the_full_set ... ok
test multipart_etag_of_the_winning_list_is_the_recorded_etag ... ok
test a_stored_tombstone_answers_an_identical_retry_with_the_whole_recorded_etag ... ok
test a_non_identical_complete_is_refused_by_the_tombstone ... ok
test multipart_etag_parse_refuses_a_malformed_digest ... ok
test multipart_etag_parse_refuses_a_count_outside_the_range ... ok
test multipart_etag_parse_refuses_a_malformed_suffix ... ok
test multipart_etag_parse_accepts_the_whole_count_range ... ok
test multipart_etag_refuses_a_non_ascending_duplicate_or_empty_list ... ok
test multipart_etag_suffix_is_the_named_count ... ok
test every_decision_3_cell_is_answered_for_an_identical_retry ... ok
test outcome_enums_are_exhaustive ... ok
test per_verb_answers_agree_with_the_dispatcher ... ok

test result: ok. 22 passed; 0 failed; 0 ignored; 0 measured; 0 filtered out; finished in 0.00s

     Running tests/mutation_regressions.rs (target/debug/deps/mutation_regressions-972ea54b1d9bf9e3)

running 9 tests
test sweep_reclaims_at_expiry_boundary_and_deletes ... ok
test a_legacy_record_without_metadata_fields_still_wins_its_cas_commits ... ok
test commit_chunk_map_superseding_stamps_a_fresh_modified ... ok
test commit_chunk_map_preserves_object_metadata_across_a_repair ... ok
test commit_chunk_map_bumps_version_by_one ... ok
test commit_chunk_map_superseding_leased_stamps_a_fresh_modified ... ok
test read_with_fewer_than_k_fragments_reports_insufficient ... ok
test write_new_object_placed_releases_pending_on_commit ... ok
test write_new_object_releases_pending_on_commit ... ok

test result: ok. 9 passed; 0 failed; 0 ignored; 0 measured; 0 filtered out; finished in 0.06s

     Running tests/mutation_regressions_round2.rs (target/debug/deps/mutation_regressions_round2-e5afa25680a87197)

running 3 tests
test write_plan_chunk_ids_are_the_minted_ids ... ok
test write_new_object_placed_lease_expiry_is_now_plus_ttl ... ok
test write_new_object_lease_expiry_is_now_plus_ttl ... ok

test result: ok. 3 passed; 0 failed; 0 ignored; 0 measured; 0 filtered out; finished in 0.05s

     Running tests/placement_record.rs (target/debug/deps/placement_record-08b6cf9a1ed45462)

running 11 tests
test empty_placement_ec_none_resolves_via_identity_fallback ... ok
test fragments_matrix::none_malformed_length_placement_still_resolves_liberally ... ok
test fragments_matrix::none_full_placement_resolves_from_record ... ok
test fragments_matrix::rs_short_placement_mixes_record_and_identity_fallback ... ok
test fragments_matrix::rs_empty_placement_is_pure_identity ... ok
test fragments_matrix::none_empty_placement_is_pure_identity ... ok
test fragments_matrix::rs_full_placement_resolves_from_record ... ok
test empty_placement_rs_6_3_resolves_via_identity_fallback ... ok
test short_placement_rs_6_3_mixed_explicit_and_fallback ... ok
test write_records_placement_read_resolves_after_reopen ... ok
test moved_fragment_resolved_from_record_after_reopen ... ok

test result: ok. 11 passed; 0 failed; 0 ignored; 0 measured; 0 filtered out; finished in 0.06s

     Running tests/read_block_fault_repair.rs (target/debug/deps/read_block_fault_repair-8e9efee607a82333)

running 2 tests
test none_scheme_block_fault_fails_the_read_but_still_enqueues_repair ... ok
test ec_read_around_block_fault_still_enqueues_repair_with_non_corruption_reason ... ok

test result: ok. 2 passed; 0 failed; 0 ignored; 0 measured; 0 filtered out; finished in 0.05s

     Running tests/read_repair.rs (target/debug/deps/read_repair-ec01807325103cbf)

running 8 tests
test none_read_rejects_a_misplaced_but_intact_fragment ... ok
test none_read_enqueues_integrity_fault_fragment_for_repair ... ok
test unrecoverable_read_still_enqueues_the_corrupt_chunk ... ok
test ec_read_treats_a_misplaced_but_intact_fragment_as_absent ... ok
test a_corrupt_fragment_is_reported_with_its_index_and_its_placed_dserver ... ok
test ec_read_enqueues_integrity_fault_shard_for_repair_and_reconstructs ... ok
test a_transient_dserver_failure_is_no_longer_silent ... ok
test ec_read_excludes_corrupt_fragment_and_enqueues_for_repair ... ok

test result: ok. 8 passed; 0 failed; 0 ignored; 0 measured; 0 filtered out; finished in 0.05s

     Running tests/segmented_map_record.rs (target/debug/deps/segmented_map_record-657ed63e877fee30)

running 16 tests
test a_segment_table_whose_tiling_leaves_u64_is_err ... ok
test non_monotonic_segment_span_is_err ... ok
test non_hex_nonce_is_err ... ok
test duplicate_segment_index_is_err ... ok
test segment_index_gap_is_err ... ok
test legacy_flat_record_round_trips_byte_identically ... ok
test an_empty_segmented_map_is_err ... ok
test segment_count_mismatching_segments_len_is_err ... ok
test a_zero_byte_segment_is_err ... ok
test segment_table_span_disagreeing_with_size_is_err ... ok
test overlapping_segment_spans_is_err ... ok
test segmented_root_round_trips_byte_identically ... ok
test well_formed_segmented_root_decodes ... ok
test segmented_root_at_max_root_segments_stays_inside_the_value_ceiling ... ok
test legacy_flat_record_cas_still_commits_against_the_original_bytes ... ok
test segmented_root_cas_commits_against_the_stored_bytes ... ok

test result: ok. 16 passed; 0 failed; 0 ignored; 0 measured; 0 filtered out; finished in 0.02s

     Running tests/segmented_map_resolution.rs (target/debug/deps/segmented_map_resolution-6d158fcad3dd4669)

running 13 tests
test a_generation_retired_under_every_restart_is_a_typed_refusal_that_terminates ... ok
test a_row_from_another_group_answered_inside_this_range_is_refused ... ok
test a_root_over_the_segment_ceiling_is_refused_before_any_range_read ... ok
test a_generation_retired_mid_resolve_restarts_onto_the_live_root_or_reads_as_absent ... ok
test a_resolve_reads_only_its_own_root_and_its_own_group_range ... ok
test an_object_that_cannot_resolve_fails_closed_for_itself_alone ... ok
test a_delete_met_on_the_readers_last_attempt_is_no_such_object ... ok
test an_over_ceiling_root_superseded_mid_read_restarts_onto_the_live_generation ... ok
test a_segment_value_at_exactly_the_ceiling_still_resolves ... ok
test chunks_are_ordered_by_the_parsed_index_not_by_page_order ... ok
test every_anomaly_on_a_generation_the_root_still_names_fails_closed ... ok
test a_segmented_object_reads_byte_identical_to_its_flat_equivalent ... ok
test the_widest_admissible_root_still_sizes_no_page_and_reads_back_whole ... ok

test result: ok. 13 passed; 0 failed; 0 ignored; 0 measured; 0 filtered out; finished in 0.04s

     Running tests/stream_lease_lapse.rs (target/debug/deps/stream_lease_lapse-2cfe10aacfb75056)

running 5 tests
test commit_refuses_at_exact_lease_deadline ... ok
test present_but_expired_leases_refuse_at_commit_and_publish_nothing ... ok
test live_overwrite_still_commits_and_reads_back_the_new_version ... ok
test mid_upload_lapse_aborts_the_stream_and_publishes_nothing ... ok
test eof_window_lapse_refuses_at_commit_and_publishes_nothing ... ok

test result: ok. 5 passed; 0 failed; 0 ignored; 0 measured; 0 filtered out; finished in 0.01s

     Running tests/stream_lease_renewal.rs (target/debug/deps/stream_lease_renewal-d68ce7694f4248b5)

running 4 tests
test renewal_at_exact_deadline_aborts_the_upload ... ok
test create_commit_refuses_at_exact_lease_deadline ... ok
test create_commit_refuses_when_lease_swept ... ok
test slow_streaming_put_renews_in_flight_leases_before_commit ... ok

test result: ok. 4 passed; 0 failed; 0 ignored; 0 measured; 0 filtered out; finished in 0.01s

     Running tests/write_fanout.rs (target/debug/deps/write_fanout-601f610d4eea3e79)

running 2 tests
test full_fan_out_acks_every_fragment ... ok
test partial_fan_out_fails_closed ... ok

test result: ok. 2 passed; 0 failed; 0 ignored; 0 measured; 0 filtered out; finished in 0.04s

     Running unittests src/lib.rs (target/debug/deps/wyrd_custodian-2a788725bb731ead)

running 0 tests

test result: ok. 0 passed; 0 failed; 0 ignored; 0 measured; 0 filtered out; finished in 0.00s

     Running tests/backfill.rs (target/debug/deps/backfill-f9a852328668478d)

running 5 tests
test a_racing_writer_wins_the_cas_and_backfill_retries_on_a_later_pass ... ok
test malformed_placement_is_never_rewritten ... ok
test backfill_preserves_object_metadata_while_filling_placement ... ok
test already_explicit_full_length_placement_is_left_untouched ... ok
test backfills_identity_placement_for_an_empty_placement_committed_chunk ... ok

test result: ok. 5 passed; 0 failed; 0 ignored; 0 measured; 0 filtered out; finished in 0.00s

     Running tests/backfill_telemetry.rs (target/debug/deps/backfill_telemetry-8ef9879fe81717bf)

running 1 test
test emitted_remaining_count_reaches_zero_once_backfill_covers_the_store ... ok

test result: ok. 1 passed; 0 failed; 0 ignored; 0 measured; 0 filtered out; finished in 0.00s

     Running tests/gc.rs (target/debug/deps/gc-ce47f59ce43059fc)

running 11 tests
test a_segmented_root_gc_cannot_resolve_blocks_certification_and_reclaims_nothing ... ok
test identity_fallback_rs_6_3_empty_placement_protects_an_inner_index ... ok
test short_placement_vector_fallback_protects_fallback_index ... ok
test honours_the_reader_safe_grace_window ... ok
test never_reclaims_a_referenced_fragment ... ok
test identity_fallback_none_empty_placement_protects_index0 ... ok
test identity_fallback_rs_empty_placement_protects_index_above_zero ... ok
test short_placement_vector_rs_6_3_fallback_protects_fallback_index ... ok
test malformed_placement_gc_treats_chunk_as_fully_referenced ... ok
test reclaims_expired_lease_byte_and_orphan_through_reconcile_step ... ok
test expired_lease_input_skips_what_it_cannot_read_under_every_scan_order ... ok

test result: ok. 11 passed; 0 failed; 0 ignored; 0 measured; 0 filtered out; finished in 0.02s

     Running tests/gc_delete_backstop.rs (target/debug/deps/gc_delete_backstop-000eea725a282cd5)

running 2 tests
test delete_orphans_fragment_reclaimed_by_gc_from_the_placed_dserver ... ok
test overwrite_orphans_prior_fragments_reclaimed_by_gc_but_keeps_the_current ... ok

test result: ok. 2 passed; 0 failed; 0 ignored; 0 measured; 0 filtered out; finished in 0.00s

     Running tests/gc_ledger_walk.rs (target/debug/deps/gc_ledger_walk-a75733f3826577fc)

running 12 tests
test h_an_unusable_cursor_restarts_the_walk_from_the_head_and_is_rewritten ... ok
test f_restore_survives_the_ledger_and_never_restamps_a_mark_it_did_not_read ... ok
test a_gc_pass_survives_an_orphan_ledger_past_the_scan_cap ... ok
test guard_a_page_outside_the_scan_page_contract_is_refused_not_walked ... ok
test e_only_a_fragments_own_key_licenses_a_reclaim ... ok
test d1_a_mark_on_the_resume_cursor_outranks_an_expired_lease ... ok
test g_a_partial_walk_that_reclaims_nothing_is_not_satisfied ... ok
test d2_an_expired_leases_entry_outlives_every_fragment_it_accounts_for ... ok
test c_the_tail_does_not_starve_and_the_walk_wraps ... ok
test b_one_pass_reads_and_writes_a_bounded_pinned_amount ... ok
test d1_an_unread_mark_outranks_an_expired_lease ... ok
test d3_an_unreadable_mark_counts_as_a_mark ... ok

test result: ok. 12 passed; 0 failed; 0 ignored; 0 measured; 0 filtered out; finished in 9.74s

     Running tests/gc_mark_sweep.rs (target/debug/deps/gc_mark_sweep-a4c0cc0197b087c5)

running 20 tests
test d1_a_pass_whose_only_sweep_lost_to_a_restamp_is_not_satisfied ... ok
test b2_a_mark_on_a_d_server_outside_the_fleet_survives ... ok
test a_a_fragment_less_mark_aged_exactly_d_is_swept_audited_and_counted ... ok
test b4_a_listing_from_an_earlier_pass_never_licenses_a_sweep ... ok
test d3_a_mark_rewritten_then_deleted_under_the_pass_is_claimed_neither_swept_nor_kept ... ok
test d5_an_unknown_commit_that_may_still_land_is_named_and_ends_the_pass ... ok
test b6_a_referenced_position_is_never_swept ... ok
test b1_a_mark_aged_one_millisecond_short_of_d_survives ... ok
test b8_a_structured_mark_that_may_await_its_write_is_never_swept_on_the_deadline ... ok
test d6_a_writer_landing_before_the_re_read_never_earns_the_pass_a_claim ... ok
test d2_a_fault_inside_the_retry_claims_exactly_what_landed ... ok
test d3_a_delete_that_loses_to_an_unchanged_mark_leaves_it_for_the_next_pass ... ok
test b3_a_listed_position_is_the_reclaims_not_the_sweeps ... ok
test b5_a_fleet_naming_one_server_twice_never_unlists_a_listed_position ... ok
test b6_an_incomplete_reference_set_sweeps_nothing ... ok
test d1_a_mark_restamped_after_the_read_survives_unclaimed ... ok
test e_a_differently_spelled_key_never_costs_a_mark ... ok
test d4_an_out_of_flight_unknown_commit_is_judged_by_a_fresh_read ... ok
test b7_each_shape_is_swept_on_its_stamp_and_a_fourth_is_never_swept ... ok
test d2_a_fault_across_a_batch_boundary_claims_exactly_what_landed ... ok

test result: ok. 20 passed; 0 failed; 0 ignored; 0 measured; 0 filtered out; finished in 2.32s

     Running tests/gc_reclaim_intent.rs (target/debug/deps/gc_reclaim_intent-3aa388cc94cbb8e5)

running 9 tests
test a_restore_counts_every_shape_already_marked_and_rewrites_none ... ok
test b3_an_adoption_on_the_marks_original_bytes_conflicts_as_gc_deletes ... ok
test b1_a_failed_intent_commit_destroys_nothing ... ok
test b4_a_reclaiming_mark_is_finished_with_no_grace_test ... ok
test b2_a_mark_that_changes_after_the_read_loses_only_its_own_intent ... ok
test b5_a_store_fault_after_deletes_still_commits_their_key_deletes ... ok
test d_a_draining_retirement_protects_by_keyed_lookup ... ok
test a_three_shapes_decode_and_a_fourth_fails_closed ... ok
test c_intents_are_recorded_in_batches_of_at_most_cw ... ok

test result: ok. 9 passed; 0 failed; 0 ignored; 0 measured; 0 filtered out; finished in 0.01s

     Running tests/gc_telemetry.rs (target/debug/deps/gc_telemetry-cf4109182accd6b3)

running 1 test
test emits_gc_actions_on_the_durability_seam ... ok

test result: ok. 1 passed; 0 failed; 0 ignored; 0 measured; 0 filtered out; finished in 0.00s

     Running tests/placement_ceiling.rs (target/debug/deps/placement_ceiling-67f4b8cc1803c9a4)

running 5 tests
test a_move_that_cannot_reach_its_fragment_is_aborted_not_refused ... ok
test an_evacuation_that_would_cross_the_value_ceiling_does_not_certify_the_drain ... ok
test an_evacuation_landing_exactly_on_the_value_ceiling_still_commits ... ok
test a_repair_that_would_cross_the_value_ceiling_is_refused_and_not_persisted ... ok
test a_ceiling_refused_repair_is_subtracted_from_the_reported_successes ... ok

test result: ok. 5 passed; 0 failed; 0 ignored; 0 measured; 0 filtered out; finished in 0.06s

     Running tests/rebalance.rs (target/debug/deps/rebalance-1460380fbec146c9)

running 10 tests
test evacuates_a_pre_m3_chunk_with_empty_placement_ec_none ... ok
test evacuation_preserves_object_metadata ... ok
test emits_per_failure_domain_utilization_on_the_durability_seam ... ok
test evacuates_two_drained_servers_of_one_chunk_in_a_single_commit ... ok
test malformed_placement_rebalance_skips_and_leaves_fragment_in_place ... ok
test evacuates_a_pre_m3_chunk_with_empty_placement_reed_solomon_index_gt_zero ... ok
test drains_a_d_server_and_evacuates_to_a_distinct_domain_through_reconcile_step ... ok
test drains_a_d_server_and_evacuates_an_rs_6_3_chunk_to_a_distinct_domain ... ok
test spread_wins_when_no_free_distinct_domain_remains ... ok
test a_racing_writer_loses_the_version_conditional_commit_and_leaves_only_garbage ... ok

test result: ok. 10 passed; 0 failed; 0 ignored; 0 measured; 0 filtered out; finished in 0.04s

     Running tests/reconstruction.rs (target/debug/deps/reconstruction-765c315c94a7291c)

running 15 tests
test repair_priority_rises_as_redundancy_falls ... ok
test a_transient_fault_is_not_turned_into_a_spurious_re_placement ... ok
test short_placement_is_malformed_reconstruction_skips_and_flags_needs_human ... ok
test none_scheme_malformed_placement_reconstruction_flags_needs_human ... ok
test under_replicated_gauge_excludes_malformed_so_it_returns_to_zero ... ok
test under_replicated_gauge_excludes_unrepairable_data_loss_so_it_returns_to_zero ... ok
test a_checksum_failing_fragment_is_excluded_and_reconstructed ... ok
test reads_around_a_wrapped_permanent_read_fault_on_a_placed_fragment ... ok
test kills_a_d_server_and_reconstructs_to_full_redundancy_through_reconcile_step ... ok
test reads_around_a_depth0_permanent_read_fault_on_a_placed_fragment ... ok
test reconstruction_preserves_object_metadata_across_a_repair ... ok
test emits_the_three_repair_metrics_on_the_durability_seam ... ok
test an_aborted_repair_is_not_counted_as_a_successful_repair ... ok
test reconstructs_a_pre_m3_chunk_with_empty_placement_to_a_full_length_record ... ok
test kills_a_d_server_and_reconstructs_an_rs_6_3_chunk_to_full_redundancy ... ok

test result: ok. 15 passed; 0 failed; 0 ignored; 0 measured; 0 filtered out; finished in 0.06s

     Running tests/restore_completing_fence.rs (target/debug/deps/restore_completing_fence-7ced116ae367f0ea)

running 7 tests
test a_completing_fence_fault_never_hides_the_pass_verdicts ... ok
test a_failed_completing_fence_commit_leaves_none_of_its_writes ... ok
test a_completing_session_is_fenced_with_its_segments_deleter ... ok
test neither_obligation_overwrites_one_already_there ... ok
test what_cannot_be_fenced_cleanly_is_never_passed_off_as_done ... ok
test a_second_pass_is_idempotent_and_still_names_what_needs_a_human ... ok
test a_sparse_completing_session_is_fenced_inside_the_value_ceiling ... ok

test result: ok. 7 passed; 0 failed; 0 ignored; 0 measured; 0 filtered out; finished in 0.24s

     Running tests/restore_open_fence.rs (target/debug/deps/restore_open_fence-93e05e6edd2a1447)

running 9 tests
test a_fence_fault_never_hides_the_pass_verdicts ... ok
test a_fence_fault_on_an_otherwise_clean_store_is_never_certified_clean ... ok
test the_fence_never_overwrites_an_obligation ... ok
test a_failed_fence_commit_leaves_neither_write ... ok
test a_session_that_changes_under_the_pass_is_not_fenced_blind ... ok
test an_open_session_is_fenced_whole ... ok
test sessions_listed_across_pages_are_all_fenced ... ok
test what_the_pass_cannot_fence_is_named_never_passed_off_as_done ... ok
test a_second_pass_is_idempotent ... ok

test result: ok. 9 passed; 0 failed; 0 ignored; 0 measured; 0 filtered out; finished in 0.00s

     Running tests/restore_reconcile.rs (target/debug/deps/restore_reconcile-546f9961702c88eb)

running 17 tests
test a_chunk_still_at_k_is_under_replicated_not_dangling ... ok
test a_referenced_fragment_is_never_marked ... ok
test a_chunk_below_k_at_its_placement_is_misplaced_not_under_replicated ... ok
test a_chunk_below_k_surviving_fragments_is_reported_dangling ... ok
test a_single_fragment_chunk_whose_bytes_moved_is_reported_misplaced_not_healthy ... ok
test after_the_pass_gc_reclaims_the_stranded_fragment ... ok
test a_displaced_fragment_is_only_under_replicated_while_k_survive_at_the_placement ... ok
test a_stranded_fragment_is_marked_so_gc_can_finally_reclaim_it ... ok
test a_stale_duplicate_is_marked_when_the_canonical_copy_survives ... ok
test re_running_does_not_reset_an_existing_grace_clock ... ok
test the_only_copy_of_a_moved_fragment_is_never_marked ... ok
test without_the_pass_a_stranded_fragment_leaks_forever ... ok
test an_unreadable_pending_entry_holds_its_chunk_and_needs_a_human ... ok
test every_unreadable_committed_record_is_named_and_stops_the_run_being_certified ... ok
test an_in_flight_pending_chunk_is_left_to_gc ... ok
test an_object_committed_between_the_two_readings_is_never_marked ... ok
test every_stray_is_marked_across_batch_boundaries_including_the_tail ... ok

test result: ok. 17 passed; 0 failed; 0 ignored; 0 measured; 0 filtered out; finished in 0.00s

     Running tests/restore_staged_report.rs (target/debug/deps/restore_staged_report-5982e03be1ac03cb)

running 2 tests
test an_untrusted_staged_record_is_named_needs_no_human_and_is_not_a_clean_bill ... ok
test staged_skips_are_counted_once_by_the_first_protection_that_keeps_them ... ok

test result: ok. 2 passed; 0 failed; 0 ignored; 0 measured; 0 filtered out; finished in 0.00s

     Running tests/scrub.rs (target/debug/deps/scrub-5c4fe9e226d3ffad)

running 13 tests
test does_not_flag_an_in_flight_pending_writes_fragment_as_missing ... ok
test scrub_propagates_a_transient_get_fault_without_enqueuing ... ok
test short_placement_is_malformed_scrub_fails_safe ... ok
test detects_a_missing_placed_fragment_and_enqueues_for_reconstruction ... ok
test detects_corruption_on_an_empty_placement_none_chunk ... ok
test detects_a_misplaced_intact_fragment_excludes_and_enqueues_for_reconstruction ... ok
test walks_and_verifies_referenced_fragments_through_reconcile_step ... ok
test detects_corruption_on_an_empty_placement_rs_chunk_above_index_zero ... ok
test detects_a_bitflip_excludes_and_enqueues_for_reconstruction ... ok
test detects_corruption_in_a_full_rs_6_3_placement ... ok
test an_unreadable_committed_map_blocks_certification_but_still_scrubs_the_rest ... ok
test emits_scrub_coverage_and_corruption_on_the_durability_seam ... ok
test fschunkstore_corruption_is_enqueued_and_the_pass_continues ... ok

test result: ok. 13 passed; 0 failed; 0 ignored; 0 measured; 0 filtered out; finished in 0.00s

     Running tests/segmented_map_backfill.rs (target/debug/deps/segmented_map_backfill-9be27d697c919c83)

running 5 tests
test one_reading_of_the_namespace_per_pass ... ok
test a_fault_that_is_not_one_objects_map_still_ends_the_pass ... ok
test a_healthy_segmented_object_no_longer_ends_the_pass_and_blocks_nothing ... ok
test a_fill_this_pass_may_not_perform_is_declined_not_mutated_and_does_not_certify ... ok
test an_unreadable_committed_object_is_named_the_walk_continues_and_nothing_certifies ... ok

test result: ok. 5 passed; 0 failed; 0 ignored; 0 measured; 0 filtered out; finished in 0.00s

     Running tests/segmented_map_consumers.rs (target/debug/deps/segmented_map_consumers-3de2c0a90cd1a7a7)

running 8 tests
test a_genuine_store_fault_during_resolve_propagates_rather_than_being_absorbed ... ok
test a_structurally_unreadable_committed_root_is_contained_not_propagated ... ok
test two_blockers_whose_keys_are_not_utf8_are_each_attributed_under_their_own_name ... ok
test segmented_objects_fragments_survive_gc_and_scrub_and_a_drain_answers_pending ... ok
test one_damaged_object_does_not_end_the_walk_the_rest_of_the_store_is_still_handled ... ok
test a_blocked_loop_beside_a_converging_one_still_reports_the_blocked_answer ... ok
test a_root_rewritten_unreadable_under_the_resolve_is_contained_not_propagated ... ok
test one_unreadable_committed_inode_blocks_every_certifying_answer_and_reclaims_nothing ... ok

test result: ok. 8 passed; 0 failed; 0 ignored; 0 measured; 0 filtered out; finished in 0.00s

     Running tests/segmented_map_rebalance.rs (target/debug/deps/segmented_map_rebalance-0478a9e2ac804e32)

running 5 tests
test a_store_fault_under_the_resolve_still_ends_the_pass ... ok
test a_healthy_segmented_object_owing_nothing_still_certifies_the_drain ... ok
test an_unreadable_committed_object_is_named_and_the_walk_continues ... ok
test an_owed_segmented_evacuation_is_refused_once_and_mutates_nothing ... ok
test a_segmented_object_no_longer_ends_the_pass_and_the_flat_work_still_happens ... ok

test result: ok. 5 passed; 0 failed; 0 ignored; 0 measured; 0 filtered out; finished in 0.00s

     Running tests/segmented_map_reconstruction.rs (target/debug/deps/segmented_map_reconstruction-d2c14cf1f5fa390b)

running 6 tests
test an_empty_queue_reads_nothing_and_answers_satisfied ... ok
test a_store_fault_under_the_resolver_ends_the_pass_after_the_name_is_out ... ok
test a_healthy_segmented_object_neither_ends_the_pass_nor_blocks_it ... ok
test an_obligation_inside_a_segmented_object_is_repaired_never_discarded ... ok
test an_unreadable_object_is_named_and_the_pass_drains_nothing ... ok
test the_committed_namespace_is_read_once_per_pass ... ok

test result: ok. 6 passed; 0 failed; 0 ignored; 0 measured; 0 filtered out; finished in 0.05s

     Running tests/segmented_map_repoint.rs (target/debug/deps/segmented_map_repoint-c547f1ec0bcc652c)

running 13 tests
test a_racing_move_of_the_planned_chunk_itself_is_a_conflict ... ok
test a_segmented_object_under_a_noncanonical_key_is_contained_not_retried_forever ... ok
test a_segmented_objects_under_replicated_chunk_is_repaired_in_its_own_record ... ok
test a_superseded_root_generation_makes_the_repair_lose ... ok
test a_segment_record_torn_under_the_move_is_contained ... ok
test a_flat_record_whose_version_cannot_advance_is_contained_not_wrapped ... ok
test a_repair_planned_over_a_restarted_resolve_pins_the_root_it_answered_from ... ok
test a_segmented_object_under_an_unparsable_key_is_contained_not_skipped ... ok
test a_flat_chunk_past_a_length_overflow_is_contained_not_left_conflicting ... ok
test a_store_fault_under_the_moves_own_read_ends_the_pass ... ok
test two_obligations_meeting_one_torn_record_are_one_containment ... ok
test a_racing_move_of_a_sibling_chunk_in_the_same_segment_record_is_merged ... ok
test a_repoint_one_byte_past_the_value_ceiling_is_refused ... ok

test result: ok. 13 passed; 0 failed; 0 ignored; 0 measured; 0 filtered out; finished in 0.15s

     Running tests/segmented_map_restore.rs (target/debug/deps/segmented_map_restore-1996496cdbc1a7ab)

running 5 tests
test a_segmented_object_no_longer_stops_the_post_restore_pass ... ok
test a_record_already_known_unreadable_is_named_before_a_later_read_can_fail ... ok
test marks_and_report_rest_on_one_reading ... ok
test an_unreadable_object_does_not_starve_the_objects_the_pass_could_read ... ok
test an_unreadable_object_is_contained_and_neither_surface_certifies_it ... ok

test result: ok. 5 passed; 0 failed; 0 ignored; 0 measured; 0 filtered out; finished in 0.00s

     Running tests/skeleton.rs (target/debug/deps/skeleton-cb30e395d0e13969)

running 3 tests
test elected_leader_is_fenced_and_deposed_leader_rejected ... ok
test selector_places_distinct_domains_and_refuses_when_too_few ... ok
test exporter_emits_first_metric_over_dual_surface ... ok

test result: ok. 3 passed; 0 failed; 0 ignored; 0 measured; 0 filtered out; finished in 0.00s

     Running tests/staged_drain_status.rs (target/debug/deps/staged_drain_status-674b79b448a8260e)

running 7 tests
test a_committed_parts_fragment_holds_the_drain ... ok
test an_in_flight_owned_fragment_holds_the_drain ... ok
test a_staged_record_the_query_cannot_read_blocks_every_drain ... ok
test a_staged_record_the_query_cannot_trust_blocks_every_drain ... ok
test a_server_holding_none_of_the_staged_bytes_still_drains ... ok
test every_server_that_does_carry_staged_bytes_holds_its_own_drain ... ok
test rebalance_leaves_staged_bytes_alone_while_the_drain_stays_pending ... ok

test result: ok. 7 passed; 0 failed; 0 ignored; 0 measured; 0 filtered out; finished in 0.00s

     Running tests/staged_protection.rs (target/debug/deps/staged_protection-100e168579884a59)

running 36 tests
test a_part_commit_between_its_two_reads_leaves_the_chunk_protected ... ok
test a_fault_reading_a_session_part_range_fails_both_passes ... ok
test a_fault_reading_a_session_owned_range_fails_both_passes ... ok
test a_part_key_the_parser_rejects_withholds_both_passes ... ok
test a_fault_reading_the_session_listing_fails_both_passes ... ok
test an_unreadable_staged_record_is_named_even_when_the_committed_read_then_faults ... ok
test an_empty_queue_reads_no_staged_record_and_answers_satisfied ... ok
test an_unreadable_staged_record_holds_back_every_drain ... ok
test an_undecodable_owned_value_holds_its_chunk ... ok
test a_publication_flipped_between_the_reads_and_drained_after_leaves_the_chunk_protected ... ok
test a_session_key_naming_no_upload_withholds_both_passes ... ok
test reconstruction_keeps_an_obligation_across_a_publication_between_its_reads ... ok
test a_session_whose_value_will_not_decode_still_protects_its_records ... ok
test a_part_with_an_over_long_placement_holds_its_chunk ... ok
test a_publication_flipped_and_drained_between_the_reads_leaves_the_chunk_protected ... ok
test a_part_with_an_empty_placement_holds_its_chunk ... ok
test reconstruction_keeps_an_obligation_an_owned_entry_still_names ... ok
test a_part_with_a_wrong_length_placement_holds_its_chunk ... ok
test reconstruction_keeps_an_obligation_a_committed_part_still_names ... ok
test restore_leaves_unmarked_a_chunk_flipped_after_read_1_and_drained_after_read_2 ... ok
test gc_keeps_every_staged_fragment_of_an_upload_whose_records_span_pages ... ok
test restore_leaves_unmarked_a_chunk_flipped_and_drained_after_read_2 ... ok
test gc_keeps_every_staged_fragment_in_every_session_state ... ok
test restore_marks_no_staged_fragment_of_an_upload_whose_records_span_pages ... ok
test scrub_checks_committed_parts_and_never_reads_owned_entries ... ok
test reconstruction_drains_an_obligation_no_class_names ... ok
test reconstruction_keeps_an_obligation_a_held_owned_entry_names ... ok
test reconstruction_keeps_an_obligation_a_held_part_record_names ... ok
test restore_leaves_unmarked_a_chunk_flipped_and_drained_after_read_1 ... ok
test an_owned_key_naming_no_chunk_withholds_both_passes ... ok
test an_undecodable_part_record_withholds_both_passes ... ok
test an_owned_entry_with_an_empty_placement_holds_its_chunk ... ok
test an_owned_entry_with_a_wrong_length_placement_holds_its_chunk ... ok
test gc_and_restore_never_scan_a_whole_staged_namespace ... ok
test restore_marks_no_staged_fragment_and_gc_then_keeps_them ... ok
test scrub_and_reconstruction_settle_after_a_published_chunk_is_moved ... ok

test result: ok. 36 passed; 0 failed; 0 ignored; 0 measured; 0 filtered out; finished in 0.07s

     Running tests/staged_repair.rs (target/debug/deps/staged_repair-495a4562916d2996)

running 30 tests
test a_chunk_only_an_owned_entry_names_is_kept ... ok
test a_degraded_chunk_with_no_usable_destination_is_kept ... ok
test a_chunk_an_untrusted_owned_entry_holds_is_kept ... ok
test an_unreadable_session_withholds_the_move ... ok
test an_open_uploads_intact_chunk_drains_its_obligation ... ok
test the_write_deadline_runs_from_the_premark_not_the_pass_start ... ok
test the_premark_is_durable_when_the_write_arrives ... ok
test an_open_uploads_committed_part_is_rebuilt_and_adopted ... ok
test a_part_record_rewritten_between_the_write_and_the_adoption_strands_nothing ... ok
test a_moves_writes_are_sent_together ... ok
test a_ruled_out_position_rules_out_only_itself ... ok
test a_drain_recorded_before_the_premark_writes_nothing ... ok
test a_fragment_lost_from_a_live_server_is_rebuilt_in_place ... ok
test a_session_fenced_between_the_write_and_the_adoption_strands_nothing ... ok
test a_part_record_rewritten_before_the_premark_writes_nothing ... ok
test no_write_is_authorized_on_a_premark_w_repoint_old ... ok
test gc_reclaiming_the_destination_before_the_adoption_makes_it_lose ... ok
test a_slow_but_legal_write_never_stops_a_multi_fragment_move ... ok
test a_write_the_server_cannot_certify_adopts_nothing ... ok
test a_drain_recorded_before_the_adoption_makes_it_lose ... ok
test gc_reclaiming_the_destination_before_the_premark_writes_nothing ... ok
test gc_reclaiming_the_vacated_position_before_the_adoption_makes_it_lose ... ok
test a_server_with_any_desired_state_record_is_never_chosen ... ok
test a_chunk_two_parts_name_is_repaired_against_the_first ... ok
test a_write_refused_past_its_deadline_adopts_nothing ... ok
test a_chunk_below_k_only_behind_an_outage_is_not_data_loss ... ok
test a_destinations_existing_mark_is_restamped_fresh ... ok
test a_chunk_of_an_upload_that_has_left_open_is_kept_then_repaired_once_published ... ok
test an_unreadable_vacated_mark_withholds_the_move ... ok
test a_session_fenced_before_the_premark_writes_nothing ... ok

test result: ok. 30 passed; 0 failed; 0 ignored; 0 measured; 0 filtered out; finished in 0.05s

     Running tests/staged_scrub.rs (target/debug/deps/staged_scrub-0f16169b0c01c879)

running 18 tests
test scrub_leaves_an_sidx_only_chunk_alone ... ok
test a_wrong_length_committed_part_placement_is_never_certified ... ok
test an_empty_committed_part_placement_is_malformed_and_queues_no_phantom_repair ... ok
test a_malformed_part_placement_a_committed_map_supersedes_does_not_block ... ok
test a_superseded_part_is_checked_where_the_committed_map_places_it ... ok
test scrub_fails_closed_on_an_unreadable_part_record_but_checks_the_rest ... ok
test a_publication_flipped_between_scrubs_reads_and_drained_after_leaves_the_chunk_checked ... ok
test a_part_placement_a_committed_map_supersedes_is_not_checked ... ok
test scrub_detects_a_missing_committed_part_fragment ... ok
test scrub_control_intact_committed_part_fragment_queues_nothing ... ok
test scrub_detects_a_corrupt_committed_part_fragment ... ok
test a_part_placement_a_malformed_committed_map_supersedes_is_not_checked ... ok
test a_publication_flipped_and_drained_between_scrubs_reads_leaves_the_chunk_checked ... ok
test scrub_checks_committed_parts_of_sessions_past_the_first_page ... ok
test scrub_fails_the_pass_on_a_store_fault_reading_a_part_range ... ok
test staged_damage_is_named_even_when_the_committed_read_then_faults ... ok
test scrub_detects_a_committed_part_fragment_with_the_wrong_ec_scheme ... ok
test scrub_fails_closed_on_a_session_key_naming_no_upload ... ok

test result: ok. 18 passed; 0 failed; 0 ignored; 0 measured; 0 filtered out; finished in 0.02s

     Running tests/tier1_disk_faults.rs (target/debug/deps/tier1_disk_faults-e0ec5035a24ac1b0)

running 1 test
test disk_fault_drives_custodian_to_full_redundancy_with_no_read_errors ... ignored, Tier-1: needs root + device-mapper — run via cargo xtask disk-faults

test result: ok. 0 passed; 0 failed; 1 ignored; 0 measured; 0 filtered out; finished in 0.00s

     Running unittests src/lib.rs (target/debug/deps/wyrd_gateway_core-a8a815307532bb2a)

running 0 tests

test result: ok. 0 passed; 0 failed; 0 ignored; 0 measured; 0 filtered out; finished in 0.00s

     Running unittests src/lib.rs (target/debug/deps/wyrd_gateway_s3-662f47810ebeea6f)

running 76 tests
test checksum::tests::base64_decode_rejects_non_canonical_encodings ... ok
test checksum::tests::base64_decode_matches_aws_crc32c_trailer_example ... ok
test checksum::tests::base64_decode_rejects_malformed_input ... ok
test checksum::tests::base64_decode_rfc4648_vectors ... ok
test checksum::tests::crc32_ieee_matches_a_second_known_answer ... ok
test checksum::tests::base64_encode_rfc4648_vectors_round_trip ... ok
test checksum::tests::crc32_ieee_check_value ... ok
test checksum::tests::crc32_running_matches_split_points ... ok
test crypto::tests::constant_time_eq_matches_only_identical ... ok
test crypto::tests::hmac_sha256_rfc4231_case2 ... ok
test crypto::tests::sha256_known_answers ... ok
test crypto::tests::hmac_sha256_rfc4231_case4 ... ok
test request_id::tests::two_gateways_draw_disjoint_ranges ... ok
test request_id::tests::the_rendering_is_canonical_32_char_hex ... ok
test sigv4::tests::canonical_query_encodes_and_sorts ... ok
test sigv4::tests::parse_authorization_rejects_wrong_scheme ... ok
test sigv4::tests::amz_date_round_trips_through_unix_seconds ... ok
test crypto::tests::incremental_matches_one_shot ... ok
test sigv4::tests::trim_all_folds_internal_whitespace_but_keeps_quoted ... ok
test sigv4::tests::uri_encode_follows_rfc3986 ... ok
test sigv4::tests::sigv4_get_vanilla_known_answer ... ok
test request_id::tests::ids_never_repeat_within_a_process ... ok
test sigv4::tests::sigv4_aws_docs_example_sorts_query ... ok
test sigv4::tests::verify_rejects_a_stale_signature ... ok
test sigv4::tests::verify_classifies_aws_chunked_streaming_payload ... ok
test streaming::tests::an_oversized_chunk_header_is_refused_on_the_declared_size ... ok
test streaming::tests::a_decoded_content_length_mismatch_is_refused ... ok
test streaming::tests::a_tampered_chunk_is_refused_fail_closed ... ok
test streaming::tests::an_undeclared_trailer_name_is_refused ... ok
test sigv4::tests::verify_rejects_an_unverifiable_trailer_declaration ... ok
test streaming::tests::a_signed_trailer_whose_signature_does_not_verify_is_refused_fail_closed ... ok
test tests::a_contents_row_omits_last_modified_when_the_store_never_recorded_one ... ok
test sigv4::tests::verify_admits_the_trailer_sentinels_with_a_declared_trailer ... ok
test tests::a_contents_row_omits_unpresentable_recorded_metadata ... ok
test streaming::tests::a_malformed_chunk_header_is_refused ... ok
test streaming::tests::garbage_after_the_trailer_block_is_refused ... ok
test streaming::tests::aws_published_trailing_headers_example ... ok
test tests::bucket_scoped_path_names_buckets_and_rejects_empty_segments ... ok
test streaming::tests::a_non_base64_trailer_checksum_is_refused ... ok
test streaming::tests::a_tampered_trailer_checksum_is_refused_fail_closed ... ok
test tests::a_client_error_is_still_recorded_at_warn_with_its_request_id ... ok
test tests::etag_header_renders_only_well_formed_entity_tags ... ok
test tests::percent_decode_recovers_the_true_key ... ok
test tests::a_wildcard_validator_matches_object_existence_not_stored_etag_presence ... ok
test sigv4::tests::verify_rejects_unsupported_content_sha256_sentinels ... ok
test tests::a_malformed_stored_content_type_degrades_the_get_instead_of_panicking ... ok
test tests::a_malformed_stored_etag_degrades_the_get_instead_of_panicking ... ok
test tests::rfc850_two_digit_years_resolve_relative_to_the_clock ... ok
test tests::split_bucket_key_parses_object_paths ... ok
test streaming::tests::an_oversized_trailer_line_with_its_crlf_already_buffered_is_refused ... ok
test tests::an_unrecognised_backend_error_is_recorded_with_its_whole_cause_chain ... ok
test tests::op_label_attributes_bulk_delete_to_the_delete_series ... ok
test tests::a_client_error_is_not_recorded_on_the_error_plane ... ok
test tests::a_non_overriding_gateway_serves_ranges_via_the_correctness_preserving_default ... ok
test tests::an_undetermined_commit_is_recorded_with_its_may_still_commit_flag ... ok
test tests::the_recognised_error_classes_keep_their_s3_codes ... ok
test tests::unsupported_subresource_flags_multipart_and_subresource_forms ... ok
test tests::content_type_header_falls_back_when_the_stored_value_is_not_a_valid_header ... ok
test tests::xml_escape_neutralises_markup_injection ... ok
test tests::the_failure_record_carries_the_request_id_even_when_info_spans_are_filtered_out ... ok
test tests::the_access_line_carries_the_request_id_under_a_target_scoped_filter ... ok
test tests::ranged_206_is_framed_from_the_range_seam_not_a_separate_head_resolve ... ok
test tests::the_id_handed_to_the_client_selects_a_server_side_row_even_when_refused ... ok
test streaming::tests::decodes_a_signed_trailer_body_with_a_valid_trailer_signature ... ok
test tests::a_bodyless_response_is_recorded_complete_not_aborted ... ok
test tests::the_access_row_reports_the_observed_transfer_not_the_status_line ... ok
test tests::wildcard_conditionals_fire_on_etag_less_legacy_records ... ok
test tests::an_unrenderable_stored_modified_omits_last_modified_instead_of_malforming_it ... ok
test tests::conditionals_are_judged_against_the_served_version_not_a_stale_head ... ok
test streaming::tests::decodes_an_unsigned_trailer_body_and_validates_the_checksum ... ok
test streaming::tests::aws_published_streaming_example ... ok
test streaming::tests::decodes_a_signed_chunked_body_byte_identically ... ok
test streaming::tests::trailer_lines_exceeding_the_bound_in_aggregate_are_refused ... ok
test tests::an_unrenderable_committed_etag_degrades_the_put_instead_of_panicking ... ok
test streaming::tests::a_coalesced_frame_larger_than_the_buffer_bound_still_decodes ... ok
test streaming::tests::an_endless_header_line_is_refused_at_the_buffer_bound ... ok

test result: ok. 76 passed; 0 failed; 0 ignored; 0 measured; 0 filtered out; finished in 1.57s

     Running unittests src/lib.rs (target/debug/deps/wyrd_metadata_conformance-bd3650462f5a5e46)

running 2 tests
test rendering_tests::every_byte_is_rendered_reversibly_and_distinctly ... ok
test rendering_tests::pairs_render_as_key_equals_value ... ok

test result: ok. 2 passed; 0 failed; 0 ignored; 0 measured; 0 filtered out; finished in 0.00s

     Running tests/demonstrated_red.rs (target/debug/deps/demonstrated_red-2b8376ae8354a9a4)

running 10 tests
test ignores_require_on_delete_store_fails_rename_race - should panic ... ok
test ignores_require_on_delete_store_passes_existing_sequential_contracts ... ok
test leaky_scan_index_store_passes_existing_sequential_contracts ... ok
test leaky_scan_index_store_fails_scan_is_consistent_cut - should panic ... ok
test race_conflating_store_fails_blind_batch_is_never_conflict - should panic ... ok
test stale_cache_store_passes_existing_sequential_contracts ... ok
test lying_commit_store_passes_every_other_contract ... ok
test stale_cache_store_fails_read_after_commit - should panic ... ok
test lying_commit_store_fails_blind_batch_is_never_conflict - should panic ... ok
test race_conflating_store_passes_every_other_contract ... ok

test result: ok. 10 passed; 0 failed; 0 ignored; 0 measured; 0 filtered out; finished in 0.00s

     Running tests/scan_page_demonstrated_red.rs (target/debug/deps/scan_page_demonstrated_red-85d455e709f47ec9)

running 31 tests
test bad_successor_store_fails_the_exclusive_cursor_clause - should panic ... ok
test a_scan_backed_page_fails_the_cap_escape_clause - should panic ... ok
test a_faithful_paged_store_passes_every_new_clause ... ok
test bad_successor_store_fails_the_order_clause_one_key_per_page - should panic ... ok
test early_none_store_passes_existing_sequential_contracts ... ok
test early_none_store_fails_the_termination_clause - should panic ... ok
test inclusive_cursor_store_passes_existing_sequential_contracts ... ok
test inclusive_cursor_store_fails_the_exclusive_cursor_clause - should panic ... ok
test keys_only_store_passes_every_clause_that_never_reads_a_value ... ok
test inverted_range_store_fails_the_exclusive_cursor_clause - should panic ... ok
test naive_lower_bound_store_fails_the_exclusive_cursor_clause - should panic ... ok
test bad_successor_store_passes_every_clause_whose_boundary_never_lands_on_a_prefix ... ok
test offset_paging_store_passes_existing_sequential_contracts ... ok
test keys_only_store_fails_the_order_clause_on_its_values - should panic ... ok
test keys_only_store_fails_the_no_skip_clause_on_its_values - should panic ... ok
test inverted_range_store_passes_every_clause_that_never_passes_a_high_cursor ... ok
test a_short_paging_store_passes_every_new_clause_too ... ok
test offset_paging_store_fails_the_no_skip_clause - should panic ... ok
test recent_write_leak_store_fails_the_no_skip_clause - should panic ... ok
test offset_paging_store_passes_the_static_population_clauses ... ok
test stopped_fill_store_fails_the_termination_clause - should panic ... ok
test string_ordered_store_fails_the_order_clause - should panic ... ok
test naive_lower_bound_store_passes_every_clause_that_never_passes_a_low_cursor ... ok
test string_ordered_store_passes_existing_sequential_contracts ... ok
test stopped_fill_store_fails_the_page_bound_clause - should panic ... ok
test stopped_fill_store_passes_existing_sequential_contracts ... ok
test stopped_fill_store_fails_the_cap_escape_clause - should panic ... ok
test recent_write_leak_store_passes_every_clause_on_a_static_population ... ok
test zero_cap_unbounded_store_passes_every_clause_at_a_positive_cap ... ok
test zero_cap_unbounded_store_fails_the_zero_page_bound_clause - should panic ... ok
test the_shared_test_double_body_satisfies_every_other_clause ... ok

test result: ok. 31 passed; 0 failed; 0 ignored; 0 measured; 0 filtered out; finished in 0.00s

     Running unittests src/lib.rs (target/debug/deps/wyrd_metadata_fault_conformance-3b6c25962669f49c)

running 0 tests

test result: ok. 0 passed; 0 failed; 0 ignored; 0 measured; 0 filtered out; finished in 0.00s

     Running tests/nemesis_oracles.rs (target/debug/deps/nemesis_oracles-521cf755e94fc2a8)

running 14 tests
test drive_leg_fails_an_incomplete_heal ... ok
test drive_leg_heals_before_re_raising_a_panicking_workload ... ok
test drive_leg_surfaces_a_leaked_fault_even_when_the_workload_panics ... ok
test drive_leg_surfaces_a_leaked_heal_on_the_un_materialized_early_path ... ok
test drive_leg_runs_the_workload_and_returns_it_on_the_happy_path ... ok
test drive_leg_refuses_the_workload_when_the_fault_did_not_materialize ... ok
test parse_helpers_read_the_live_impls_observations ... ok
test drive_leg_heals_when_apply_fails_and_never_runs_the_workload ... ok
test partition_oracle_needs_a_reachability_flip_while_the_target_stays_running ... ok
test drive_leg_surfaces_a_leaked_heal_when_apply_fails ... ok
test pause_oracle_needs_serve_then_frozen_paused_not_a_single_probe ... ok
test skew_oracle_clears_a_nonzero_floor_by_magnitude_forward_or_back ... ok
test the_nemesis_exposes_exactly_the_three_fault_classes ... ok
test skew_recovery_gate_needs_available_healthy_and_fully_recovered_not_merely_available ... ok

test result: ok. 14 passed; 0 failed; 0 ignored; 0 measured; 0 filtered out; finished in 0.00s

     Running unittests src/lib.rs (target/debug/deps/wyrd_metadata_fdb-e6ce955e4bec304c)

running 29 tests
test classify::tests::a_blind_batch_is_never_a_conflict ... ok
test classify::tests::a_conditional_batch_that_loses_a_race_is_a_conflict ... ok
test classify::tests::any_other_error_is_a_fault_for_every_batch ... ok
test classify::tests::a_timed_out_commit_is_an_unknown_result_for_every_batch ... ok
test classify::tests::commit_unknown_result_is_distinguishable_for_every_batch ... ok
test classify::tests::only_a_timeout_may_still_commit_after_the_error ... ok
test classify::tests::unknown_result_error_is_operator_visible ... ok
test config::tests::a_negative_timeout_does_not_disable_the_timeout ... ok
test config::tests::an_absent_or_blank_external_client_dir_is_none ... ok
test config::tests::an_absent_or_blank_value_falls_back_to_the_package_default ... ok
test config::tests::an_absent_or_unparsable_timeout_falls_back_to_the_default ... ok
test config::tests::an_explicit_cluster_file_wins ... ok
test config::tests::an_explicit_external_client_dir_wins ... ok
test config::tests::an_explicit_transaction_timeout_wins ... ok
test config::tests::zero_does_not_disable_the_timeout ... ok
test keyspace::tests::logical_rejects_a_foreign_key ... ok
test keyspace::tests::physical_and_logical_round_trip ... ok
test keyspace::tests::prefix_upper_bound_carries_over_trailing_0xff ... ok
test keyspace::tests::prefix_upper_bound_is_the_exclusive_end_of_the_prefix_range ... ok
test keyspace::tests::the_unbounded_scan_stops_before_the_system_keyspace ... ok
test paging::tests::a_page_under_the_cap_continues ... ok
test paging::tests::exactly_the_cap_is_a_legal_complete_result ... ok
test paging::tests::one_key_past_the_cap_fails_loud ... ok
test paging::tests::the_cap_error_is_operator_visible ... ok
test paging::tests::the_cap_matches_the_sibling_backend ... ok
test preflight::tests::a_healthy_connected_client_is_ready ... ok
test preflight::tests::a_status_that_only_arrives_at_the_deadline_is_not_trusted ... ok
test preflight::tests::no_status_at_all_is_unreachable_not_a_guess ... ok
test preflight::tests::ready_message_names_no_version_at_all ... ok

test result: ok. 29 passed; 0 failed; 0 ignored; 0 measured; 0 filtered out; finished in 0.00s

     Running tests/conformance.rs (target/debug/deps/conformance-55f869f7562c035f)

running 2 tests
test connect_probes_the_real_cluster_from_inside_a_runtime ... ok
test trait_contract_against_fdb ... ok

test result: ok. 2 passed; 0 failed; 0 ignored; 0 measured; 0 filtered out; finished in 0.00s

     Running tests/contention.rs (target/debug/deps/contention-4baf2b91ee75463d)

running 3 tests
test blind_batch_commit_error_surfaces_as_err_never_conflict ... ok
test blind_write_race_never_reports_conflict ... ok
test conditional_race_loser_yields_conflict ... ok

test result: ok. 3 passed; 0 failed; 0 ignored; 0 measured; 0 filtered out; finished in 0.00s

     Running tests/preflight.rs (target/debug/deps/preflight-7a4239cf00f7e23d)

running 6 tests
test an_ambiguous_status_degrades_to_unreachable_never_a_guessed_skew ... ok
test healthy_fixture_is_ready ... ok
test skew_fixture_is_version_skew ... ok
test unreachable_fixture_is_unreachable ... ok
test unreachable_message_does_not_claim_version_skew ... ok
test version_skew_message_names_the_cluster_protocol_and_the_upgrade_path ... ok

test result: ok. 6 passed; 0 failed; 0 ignored; 0 measured; 0 filtered out; finished in 0.00s

     Running tests/scan.rs (target/debug/deps/scan-27ba6c9682043080)

running 4 tests
test a_scan_page_that_spans_several_reply_chunks_fills_and_resumes ... ok
test a_scan_page_walk_escapes_a_cap_its_scan_fails_loud_on ... ok
test paged_prefix_scan_returns_the_complete_set_at_scale ... ok
test a_scan_past_the_cap_fails_loud_and_returns_no_partial_results ... ok

test result: ok. 4 passed; 0 failed; 0 ignored; 0 measured; 0 filtered out; finished in 0.00s

     Running tests/tier1_contention.rs (target/debug/deps/tier1_contention-a628b92ebab4eea2)

running 1 test
test contention_battery_against_fdb ... ignored, privileged Tier-1: needs a live FDB cluster (cargo xtask fdb-metadata-tier1)

test result: ok. 0 passed; 0 failed; 1 ignored; 0 measured; 0 filtered out; finished in 0.00s

     Running tests/tier1_kill_mid_commit.rs (target/debug/deps/tier1_kill_mid_commit-6c82c96c1ac355d1)

running 1 test
test a_commit_interrupted_by_a_killed_fdbserver_is_never_a_phantom_conflict_and_never_tears ... ignored, privileged Tier-1: needs a live 3-process FDB cluster (cargo xtask fdb-metadata-tier1)

test result: ok. 0 passed; 0 failed; 1 ignored; 0 measured; 0 filtered out; finished in 0.00s

     Running tests/tier1_metadata_consistency.rs (target/debug/deps/tier1_metadata_consistency-6a78ea972cc4df6e)

running 1 test
test tier1_metadata_consistency_under_an_fdb_cluster_fault ... ignored, privileged Tier-1: needs a live 3-process FDB cluster (cargo xtask fdb-metadata-tier1)

test result: ok. 0 passed; 0 failed; 1 ignored; 0 measured; 0 filtered out; finished in 0.00s

     Running tests/tier1_metadata_nemesis.rs (target/debug/deps/tier1_metadata_nemesis-cc622dd8f66e06f3)

running 3 tests
test nemesis_metadata_under_clock_skew ... ignored, privileged Tier-1: live 3-process FDB cluster + libfaketime (cargo xtask metadata-nemesis)
test nemesis_metadata_under_network_partition ... ignored, privileged Tier-1: live 3-process FDB cluster + in-netns iptables (cargo xtask metadata-nemesis)
test nemesis_metadata_under_process_pause ... ignored, privileged Tier-1: live 3-process FDB cluster + docker pause (cargo xtask metadata-nemesis)

test result: ok. 0 passed; 0 failed; 3 ignored; 0 measured; 0 filtered out; finished in 0.00s

     Running tests/timeout.rs (target/debug/deps/timeout-2c5498d07580c94e)

running 4 tests
test a_blind_commit_that_times_out_is_an_unknown_result ... ok
test a_conditional_commit_that_times_out_is_never_a_conflict ... ok
test preflight_against_an_unreachable_cluster_is_err_not_a_panic ... ok
test get_against_an_unreachable_cluster_fails_rather_than_hanging ... ok

test result: ok. 4 passed; 0 failed; 0 ignored; 0 measured; 0 filtered out; finished in 0.00s

     Running unittests src/lib.rs (target/debug/deps/wyrd_metadata_redb-871955d155493fec)

running 3 tests
test error_class_tests::a_native_redb_fault_classifies_terminal ... ok
test error_class_tests::a_zero_page_bound_classifies_terminal ... ok
test error_class_tests::a_scan_cap_breach_classifies_terminal ... ok

test result: ok. 3 passed; 0 failed; 0 ignored; 0 measured; 0 filtered out; finished in 0.01s

     Running tests/conformance.rs (target/debug/deps/conformance-1eab1346c0060bef)

running 6 tests
test create_writes_inode_and_dirent_atomically ... ok
test rename_is_one_dirent_mutation ... ok
test pending_ledger_written_and_cleared ... ok
test trait_contract_with_a_lowered_scan_cap ... ok
test trait_contract ... ok
test version_cas_rejects_a_stale_writer ... ok

test result: ok. 6 passed; 0 failed; 0 ignored; 0 measured; 0 filtered out; finished in 0.41s

     Running tests/scan.rs (target/debug/deps/scan-e631733da2782a18)

running 4 tests
test a_scan_of_exactly_the_cap_is_a_legal_complete_result ... ok
test a_scan_past_the_cap_fails_loud_and_returns_no_partial_results ... ok
test a_scan_under_the_cap_still_returns_the_complete_set ... ok
test the_cap_cannot_be_raised ... ok

test result: ok. 4 passed; 0 failed; 0 ignored; 0 measured; 0 filtered out; finished in 0.01s

     Running tests/scan_page.rs (target/debug/deps/scan_page-acdea0518f6161e7)

running 10 tests
test a_limit_above_the_cap_is_clamped_never_refused ... ok
test a_cursor_below_the_prefix_starts_the_page_at_the_prefix ... ok
test a_zero_limit_is_refused_with_the_seam_error ... ok
test every_page_of_an_over_cap_walk_stays_inside_the_cap ... ok
test a_population_scan_refuses_whole_is_still_walkable_page_by_page ... ok
test the_cursor_advances_on_every_non_terminal_page ... ok
test a_store_whose_cap_is_zero_refuses_every_page_and_never_reads_unbounded ... ok
test a_cursor_past_the_prefix_is_an_empty_terminal_page_never_an_error ... ok
test a_page_is_bounded_by_the_callers_limit ... ok
test redb_honours_the_shared_scan_page_clauses ... ok

test result: ok. 10 passed; 0 failed; 0 ignored; 0 measured; 0 filtered out; finished in 0.02s

     Running unittests src/lib.rs (target/debug/deps/wyrd_metadata_tikv-3554e68b90f44971)

running 21 tests
test deadline::tests::a_definite_failure_is_still_transient_and_never_an_unknown_result ... ok
test deadline::tests::an_abandoned_operation_classifies_transient_at_the_seam ... ok
test deadline::tests::an_explicit_deadline_wins ... ok
test keyspace::tests::logical_rejects_a_foreign_key ... ok
test deadline::tests::the_timeout_error_tells_an_operator_nothing_was_written ... ok
test keyspace::tests::physical_and_logical_round_trip ... ok
test paging::tests::a_breach_of_the_cap_fails_loud_never_truncates ... ok
test deadline::tests::the_typed_error_stays_the_top_level_error_a_caller_downcasts ... ok
test deadline::tests::an_absent_blank_or_unparsable_value_falls_back_to_the_default ... ok
test deadline::tests::the_deadline_cannot_be_switched_off ... ok
test paging::tests::a_full_page_continues_past_its_last_key ... ok
test keyspace::tests::prefix_upper_bound_carries_over_trailing_0xff ... ok
test paging::tests::a_full_page_stops_the_fill_loop_and_a_short_chunk_means_exhausted ... ok
test keyspace::tests::prefix_upper_bound_is_the_exclusive_end_of_the_prefix_range ... ok
test paging::tests::a_short_page_ends_the_scan_complete ... ok
test paging::tests::a_chunk_asks_for_what_the_page_still_needs_bounded_by_one_round_trip ... ok
test paging::tests::cap_is_checked_before_termination ... ok
test paging::tests::next_page_start_is_the_smallest_key_strictly_after_the_last ... ok
test paging::tests::next_page_start_never_steps_over_a_key_that_extends_the_cursor ... ok
test paging::tests::scan_cap_exceeded_error_is_operator_visible ... ok
test paging::tests::the_fill_loop_stops_on_the_same_rule_the_seam_emits_a_cursor_from ... ok

test result: ok. 21 passed; 0 failed; 0 ignored; 0 measured; 0 filtered out; finished in 0.00s

     Running tests/conformance.rs (target/debug/deps/conformance-bdf346a74ab8ab78)

running 1 test
test trait_contract_against_tikv ... ok

test result: ok. 1 passed; 0 failed; 0 ignored; 0 measured; 0 filtered out; finished in 0.00s

     Running tests/contention.rs (target/debug/deps/contention-eb73ebd525410977)

running 3 tests
test blind_write_race_never_reports_conflict ... ok
test write_write_race_exactly_one_winner ... ok
test require_absent_race ... ok

test result: ok. 3 passed; 0 failed; 0 ignored; 0 measured; 0 filtered out; finished in 0.00s

     Running tests/deadline.rs (target/debug/deps/deadline-9204cde63fb345c1)

running 1 test
test a_deadline_that_fires_mid_operation_returns_an_error_and_does_not_abort_the_process ... ok

test result: ok. 1 passed; 0 failed; 0 ignored; 0 measured; 0 filtered out; finished in 0.00s

     Running tests/scan.rs (target/debug/deps/scan-c804562fc8ee825d)

running 2 tests
test a_scan_page_that_spans_several_internal_chunks_fills_and_resumes ... ok
test paged_prefix_scan_returns_the_complete_set_at_scale ... ok

test result: ok. 2 passed; 0 failed; 0 ignored; 0 measured; 0 filtered out; finished in 0.00s

     Running tests/tier1_metadata_consistency.rs (target/debug/deps/tier1_metadata_consistency-b4f40c4038661eba)

running 1 test
test tier1_metadata_consistency_over_the_swap ... ignored, privileged Tier-1: needs a live ≥3-replica TiKV cluster (WYRD_TIER1 job)

test result: ok. 0 passed; 0 failed; 1 ignored; 0 measured; 0 filtered out; finished in 0.00s

     Running tests/tier2_metadata_io.rs (target/debug/deps/tier2_metadata_io-5344231a3eb55914)

running 1 test
test tier2_metadata_real_single_node_io ... ignored, privileged Tier-2: needs a real single-node TiKV on one machine (WYRD_TIER2 job)

test result: ok. 0 passed; 0 failed; 1 ignored; 0 measured; 0 filtered out; finished in 0.00s

     Running unittests src/lib.rs (target/debug/deps/wyrd_proto-53f627c83fb12352)

running 0 tests

test result: ok. 0 passed; 0 failed; 0 ignored; 0 measured; 0 filtered out; finished in 0.00s

     Running tests/stubs.rs (target/debug/deps/stubs-24dd83a7488d27e7)

running 2 tests
test both_client_and_server_stubs_are_generated ... ok
test requests_are_fragment_addressed ... ok

test result: ok. 2 passed; 0 failed; 0 ignored; 0 measured; 0 filtered out; finished in 0.00s

     Running unittests src/lib.rs (target/debug/deps/wyrd_server-13aaac94fc1a1662)

running 49 tests
test cli::tests::chunk_id_minter_packs_inode_in_the_high_bits ... ok
test cli::tests::an_ephemeral_probe_port_refuses_at_parse ... ok
test cli::tests::a_probe_data_address_collision_refuses_at_parse ... ok
test cli::tests::default_chunk_size_is_one_mib ... ok
test cli::tests::dual_stack_overlap_risk_fires_only_for_the_v6_wildcard_cross_family ... ok
test cli::tests::parse_durability_maps_each_form ... ok
test cli::tests::require_aligned_topology_rejects_missing_or_mismatched_lists ... ok
test cli::tests::parsed_args_consumes_flag_value_pairs ... ok
test cli::tests::parse_endpoints_splits_trims_and_rejects_empty ... ok
test cli::tests::restore_verdict_counts_fenced_sessions_and_names_the_ones_it_could_not_fence ... ok
test cli::tests::a_flag_without_a_value_fails_logging_setup_on_every_subcommand ... ok
test cli::tests::restore_verdict_counts_staged_skips_and_names_untrusted_staged_records_as_information ... ok
test cli::tests::restore_verdict_names_unfenced_sessions_and_counts_the_ones_it_cannot_fit ... ok
test cli::tests::s3_chunk_size_accepts_exactly_one_to_sixteen_mib ... ok
test cli::tests::restore_verdict_names_the_blocking_records_and_counts_the_ones_it_cannot_fit ... ok
test cli::tests::restore_verdict_names_unreadable_staged_records_as_staged ... ok
test cli::tests::the_default_health_bind_follows_the_data_bind_interface ... ok
test cli::tests::scoped_ipv6_binds_collide_only_within_one_scope ... ok
test cli::tests::the_restore_one_shot_is_valueless_but_value_flags_still_demand_a_value ... ok
test cli::tests::wildcard_probe_data_overlaps_refuse_and_distinct_ips_coexist ... ok
test consistency_observable::tests::a_body_shorter_than_its_declared_content_length_is_an_error_never_a_prefix_read ... ok
test consistency_observable::tests::a_regressing_version_is_not_monotone ... ok
test consistency_observable::tests::a_torn_response_is_an_error_never_a_panic ... ok
test consistency_observable::tests::a_torn_chunked_body_is_an_error_never_a_panic ... ok
test consistency_observable::tests::a_wellformed_response_still_parses ... ok
test consistency_observable::tests::an_indeterminate_write_is_not_counted_as_an_observed_version ... ok
test consistency_observable::tests::an_op_with_a_reversed_span_is_not_well_formed ... ok
test consistency_observable::tests::decode_rejects_a_torn_value ... ok
test cli::tests::restore_needs_human_agrees_with_every_paragraph_it_prints ... ok
test cli::tests::serve_s3_role_refuses_an_out_of_range_chunk_size_before_opening_anything ... ok
test consistency_observable::tests::empty_history_is_not_well_formed ... ok
test consistency_observable::tests::encode_decode_round_trips ... ok
test consistency_workload::tests::indeterminate_predicate_flags_5xx_and_synthetic_zero ... ok
test consistency_workload::tests::cross_key_read_write_overlap_is_not_genuine_concurrency ... ok
test consistency_workload::tests::indeterminate_put_is_info_not_ok ... ok
test consistency_workload::tests::membership_never_fabricates_absence ... ok
test custodian::tests::the_pass_clock_and_the_seam_read_one_source ... ok
test logging::tests::a_malformed_rust_log_directive_is_rejected ... ok
test logging::tests::an_invalid_level_is_rejected_not_ignored ... ok
test logging::tests::a_valid_or_absent_rust_log_directive_is_accepted ... ok
test consistency_workload::tests::verdict_routes_off_check_by_default ... ok
test tests::default_chunk_size_is_one_mib ... ok
test logging::tests::an_invalid_format_is_rejected ... ok
test logging::tests::the_text_format_writes_prose_not_json ... ok
test logging::tests::an_explicit_level_admits_debug ... ok
test dserver::tests::id_reports_the_configured_identity ... ok
test logging::tests::the_default_level_drops_debug_and_keeps_info ... ok
test logging::tests::a_structured_event_reaches_the_sink_as_json_with_its_fields ... ok
test cli::tests::compose_s3_gateway_applies_the_chunk_size_only_when_given ... ok

test result: ok. 49 passed; 0 failed; 0 ignored; 0 measured; 0 filtered out; finished in 0.01s

     Running unittests src/main.rs (target/debug/deps/wyrd-1ce6a05e865ac247)

running 0 tests

test result: ok. 0 passed; 0 failed; 0 ignored; 0 measured; 0 filtered out; finished in 0.00s

     Running tests/advertise_addr_registration.rs (target/debug/deps/advertise_addr_registration-2ae8fbbc76c06b0b)

running 2 tests
test advertise_addr_overrides_the_registered_endpoint ... ok
test no_advertise_addr_keeps_the_bound_address_endpoint ... ok

test result: ok. 2 passed; 0 failed; 0 ignored; 0 measured; 0 filtered out; finished in 0.00s

     Running tests/backend_selection.rs (target/debug/deps/backend_selection-2d512f5e3452bfa7)

running 3 tests
test coordination_backend_selects_by_config ... ok
test alloc_inode_is_bounded_against_a_perpetual_conflict_store ... ok
test redb_backend_selected_by_config_and_alloc_inode_roundtrips ... ok

test result: ok. 3 passed; 0 failed; 0 ignored; 0 measured; 0 filtered out; finished in 0.01s

     Running tests/cli_roundtrip.rs (target/debug/deps/cli_roundtrip-1b66ccc22742dc12)

running 5 tests
test no_subcommand_prints_usage_and_exits_two ... ok
test get_of_a_missing_key_exits_nonzero ... ok
test demo_exits_zero ... ok
test re_putting_an_existing_key_exits_nonzero ... ok
test put_then_get_round_trips_across_separate_invocations ... ok

test result: ok. 5 passed; 0 failed; 0 ignored; 0 measured; 0 filtered out; finished in 0.27s

     Running tests/closed_write_path.rs (target/debug/deps/closed_write_path-de5c31a9707dd82c)

running 1 test
test a_gateway_written_object_is_a_custodian_derived_repair_obligation_and_round_trips ... ok

test result: ok. 1 passed; 0 failed; 0 ignored; 0 measured; 0 filtered out; finished in 0.43s

     Running tests/consistency_observable.rs (target/debug/deps/consistency_observable-db4e0a56828142dc)

running 4 tests
test a_body_cut_mid_transfer_records_an_indeterminate_read_not_a_prefix_version ... ok
test a_peer_that_closes_without_a_complete_response_records_the_op_as_indeterminate ... ok
test a_transport_failure_records_the_op_as_indeterminate_rather_than_omitting_it ... ok
test observable_records_a_nonvacuous_wellformed_register_history ... ok

test result: ok. 4 passed; 0 failed; 0 ignored; 0 measured; 0 filtered out; finished in 0.07s

     Running tests/consistency_run_fdb.rs (target/debug/deps/consistency_run_fdb-19c9d23f591d9a40)

running 1 test
test consistency_run_fdb ... ignored, privileged #408: live 3-process FDB cluster + a #407 nemesis leg (cargo xtask consistency-run)

test result: ok. 0 passed; 0 failed; 1 ignored; 0 measured; 0 filtered out; finished in 0.00s

     Running tests/consistency_workload.rs (target/debug/deps/consistency_workload-75967de4caad2253)

running 18 tests
test a_fully_resolved_sweep_composes_a_definite_read_that_still_exposes_a_lost_element ... ok
test a_shared_delete_pool_key_with_version_bands_would_fabricate_a_violation ... ok
test an_unresolved_probe_degrades_the_composed_read_to_info_rather_than_omitting_the_member ... ok
test directory_serializer_emits_set_model_add_and_composed_read_with_integer_elements ... ok
test membership_derivation_never_coerces_unknown_to_absent ... ok
test concurrency_witness_counts_only_same_key_read_write_overlaps ... ok
test directory_op_count_counts_the_composed_read_once_not_every_probe ... ok
test reads_monotone_per_key_is_global_and_guards_indeterminate ... ok
test delete_pool_keys_are_single_writer_per_key_so_version_tags_track_commit_order ... ok
test register_serializer_emits_byte_exact_rw_register_txn_edn_with_info_for_indeterminate ... ok
test register_serializer_panics_on_a_delete_never_fabricating_a_representation - should panic ... ok
test reads_monotone_ignores_overlapping_reads ... ok
test register_serializer_tags_each_op_with_its_key_inside_the_micro_op ... ok
test session_monotonic_reads_guard_indeterminate_and_reject_determinate_regression ... ok
test session_read_your_writes_guards_indeterminate_on_every_arm ... ok
test verdict_dispatch_routes_to_off_check_elle_by_default ... ok
test session_read_your_writes_is_cross_process_aware ... ok
test concurrent_workload_records_a_nonvacuous_genuinely_concurrent_history ... ok

test result: ok. 18 passed; 0 failed; 0 ignored; 0 measured; 0 filtered out; finished in 0.14s

     Running tests/custodian_day_one.rs (target/debug/deps/custodian_day_one-b43cb93d5e7c3340)

running 15 tests
test a_malformed_log_level_still_fails_the_process_loudly ... ok
test run_loop_stops_when_fenced ... ok
test a_loss_beyond_tolerance_raises_data_loss_and_the_backlog_gauge_returns_to_zero has been running for over 60 seconds
test a_raised_log_level_does_not_starve_the_durability_metrics has been running for over 60 seconds
test a_repair_with_no_free_domain_is_blocked_off_the_backlog_gauge has been running for over 60 seconds
test a_transient_below_k_outage_does_not_false_alarm_data_loss_and_recovers has been running for over 60 seconds
test cmd_custodian_fails_loud_when_the_whole_fleet_is_unreachable_at_startup has been running for over 60 seconds
test cmd_custodian_rejects_misaligned_topology_through_the_real_entry_point has been running for over 60 seconds
test connect_fleet_starts_degraded_around_a_startup_down_peer_and_repairs has been running for over 60 seconds
test gauge_rises_then_returns_to_zero_surviving_a_killed_dserver has been running for over 60 seconds
test gauge_rises_then_returns_to_zero_through_the_redb_backend_open_path has been running for over 60 seconds
test run_loop_logs_and_continues_on_a_store_fault has been running for over 60 seconds
test run_loop_survives_a_dead_dserver_and_keeps_running has been running for over 60 seconds
test running_the_cli_twice_in_process_still_dispatches_the_command has been running for over 60 seconds
test the_data_loss_audit_line_reaches_the_log_sink_naming_the_chunk has been running for over 60 seconds
