# gate C4-ci — attempt 1/1: pass (exit 0)
# cmd: ./engine/xtask.sh ci
# cwd: /home/eddie/wyrd/wyrd-pdca
# PDCA_WORKTREE: /home/eddie/wyrd/wyrd.pdca-wt
# started: 2026-08-10T23:37:40+02:00   duration: 110s


$ typos

$ python3 docs/publishing/tools/lint_docs.py
lint_docs: OK

$ python3 docs/publishing/tools/render_site.py --check --out /var/tmp/pdca/wyrd-pdca-9c587031/issue_715/wyrd-docs-build-4064855
render_site: fetching mermaid 11.4.1 ...
render_site: wrote 98 page(s) to /var/tmp/pdca/wyrd-pdca-9c587031/issue_715/wyrd-docs-build-4064855
render_site: link audit OK

$ xtask gitlink-guard (#616 no stray gitlinks)
xtask gitlink-guard: no stray gitlinks or tracked agent worktrees (#616)

$ xtask unsafe-guard (#616 forbid(unsafe_code) in crate roots)
xtask unsafe-guard: every crate root forbids unsafe code (#616)

$ cargo fmt --all -- --check

$ cargo clippy --workspace --exclude wyrd-dst --all-targets
   Compiling proc-macro2 v1.0.106
   Compiling quote v1.0.46
    Checking bytes v1.12.1
   Compiling libc v0.2.186
    Checking pin-project-lite v0.2.17
    Checking futures-core v0.3.32
    Checking cfg-if v1.0.4
    Checking futures-sink v0.3.32
    Checking slab v0.4.12
    Checking itoa v1.0.18
    Checking futures-task v0.3.32
    Checking once_cell v1.21.4
   Compiling autocfg v1.5.1
   Compiling zerocopy v0.8.52
   Compiling serde_core v1.0.229
    Checking memchr v2.8.2
    Checking cpufeatures v0.3.0
    Checking rand_core v0.10.1
   Compiling getrandom v0.4.3
    Checking fnv v1.0.7
   Compiling serde v1.0.229
    Checking smallvec v1.15.2
    Checking percent-encoding v2.3.2
   Compiling anyhow v1.0.103
    Checking equivalent v1.0.2
   Compiling either v1.16.0
    Checking hashbrown v0.17.1
   Compiling httparse v1.10.1
    Checking try-lock v0.2.5
   Compiling thiserror v2.0.18
    Checking atomic-waker v1.1.2
    Checking tower-service v0.3.3
    Checking zmij v1.0.21
    Checking httpdate v1.0.3
    Checking futures-channel v0.3.32
    Checking base64 v0.22.1
    Checking ipnet v2.12.0
    Checking tower-layer v0.3.3
    Checking sync_wrapper v1.0.2
   Compiling rustix v1.1.4
    Checking tracing-core v0.1.36
    Checking chacha20 v0.10.0
    Checking crc32c v0.6.8
    Checking want v0.3.1
    Checking mime v0.3.17
    Checking matchit v0.8.4
   Compiling readme-rustdocifier v0.1.1
    Checking regex-syntax v0.8.11
    Checking lazy_static v1.5.0
    Checking log v0.4.32
   Compiling itertools v0.14.0
    Checking fixedbitset v0.5.7
    Checking cpufeatures v0.2.17
    Checking thread_local v1.1.9
    Checking fastrand v2.4.1
    Checking nu-ansi-term v0.50.3
    Checking bitflags v2.13.0
    Checking linux-raw-sys v0.12.1
   Compiling num-traits v0.2.19
    Checking wyrd-chunk-format v0.0.0 (/home/eddie/wyrd/wyrd.pdca-wt/crates/chunk-format)
    Checking sharded-slab v0.1.7
    Checking http v1.4.2
   Compiling logos-codegen v0.15.1
   Compiling getrandom v0.3.4
   Compiling prettyplease v0.2.37
   Compiling pulldown-cmark v0.13.4
   Compiling beef v0.5.2
   Compiling unicase v2.9.0
    Checking tracing-log v0.2.0
   Compiling foldhash v0.1.5
   Compiling unicode-width v0.1.14
    Checking indexmap v2.14.0
   Compiling hashbrown v0.15.5
   Compiling multimap v0.10.1
   Compiling heck v0.5.0
   Compiling thiserror v1.0.69
   Compiling parking_lot_core v0.9.12
   Compiling protobuf v3.7.2
    Checking pollster v1.0.1
    Checking scopeguard v1.2.0
   Compiling prometheus v0.14.0
   Compiling redb v4.1.0
    Checking lock_api v0.4.14
    Checking typenum v1.20.1
    Checking http v0.2.12
    Checking num-conv v0.2.2
    Checking vsimd v0.8.0
   Compiling reed-solomon-simd v3.1.0
    Checking time-core v0.1.9
    Checking deranged v0.5.8
   Compiling aho-corasick v1.1.4
   Compiling syn v2.0.118
   Compiling syn v3.0.0
    Checking powerfmt v0.2.0
    Checking outref v0.5.2
    Checking bytes-utils v0.1.4
    Checking pin-utils v0.1.0
    Checking zeroize v1.9.0
    Checking ryu v1.0.23
    Checking stable_deref_trait v1.2.1
    Checking cmov v0.5.4
    Checking const-oid v0.10.2
   Compiling crc32fast v1.5.0
   Compiling version_check v0.9.5
    Checking writeable v0.6.3
    Checking litemap v0.8.2
    Checking http-body v1.1.0
   Compiling icu_properties_data v2.2.0
    Checking utf8_iter v1.0.4
   Compiling icu_normalizer_data v2.2.0
    Checking roxmltree v0.21.1
    Checking form_urlencoded v1.2.2
    Checking ctutils v0.4.2
   Compiling aws-types v1.5.0
    Checking errno v0.3.14
    Checking socket2 v0.6.4
    Checking mio v1.2.1
    Checking http-body-util v0.1.3
    Checking regex-automata v0.4.14
    Checking base64-simd v0.8.0
    Checking signal-hook-registry v1.4.8
   Compiling generic-array v0.14.7
    Checking chrono v0.4.45
    Checking num-integer v0.1.46
    Checking rand_core v0.9.5
    Checking rand v0.10.2
   Compiling rustversion v1.0.22
    Checking hex v0.4.3
    Checking parking_lot v0.12.5
    Checking foldhash v0.2.0
    Checking http-body v0.4.6
    Checking axum-core v0.5.6
    Checking spin v0.10.1
    Checking allocator-api2 v0.2.21
    Checking rustls-pki-types v1.15.0
    Checking openssl-probe v0.2.1
    Checking xmlparser v0.13.6
    Checking uuid v1.23.4
    Checking regex-lite v0.1.9
   Compiling find-msvc-tools v0.1.9
   Compiling shlex v2.0.1
    Checking anstyle v1.0.14
    Checking ciborium-io v0.2.2
    Checking clap_lex v1.1.0
    Checking itertools v0.13.0
    Checking same-file v1.0.6
    Checking cast v0.3.0
    Checking page_size v0.6.0
   Compiling cc v1.2.65
    Checking walkdir v2.5.0
    Checking oorandom v11.1.5
    Checking anes v0.1.6
    Checking clap_builder v4.6.0
    Checking hashbrown v0.16.1
    Checking rustls-native-certs v0.8.4
    Checking hybrid-array v0.4.13
   Compiling petgraph v0.8.3
   Compiling pulldown-cmark-to-cmark v22.0.0
    Checking arc-swap v1.9.2
    Checking time v0.3.53
    Checking crypto-common v0.1.7
    Checking serde_json v1.0.151
    Checking digest v0.10.7
    Checking tempfile v3.27.0
    Checking crypto-common v0.2.2
    Checking block-buffer v0.12.1
    Checking crc-fast v1.10.0
    Checking lru v0.16.4
   Compiling alloca v0.4.0
    Checking digest v0.11.3
    Checking criterion-plot v0.8.2
    Checking sha2 v0.11.0
    Checking hmac v0.13.0
    Checking md-5 v0.11.0
    Checking sha1 v0.11.0
    Checking clap v4.6.1
    Checking matchers v0.2.0
    Checking regex v1.12.4
   Compiling async-trait v0.1.91
   Compiling serde_derive v1.0.229
    Checking wyrd-traits v0.0.0 (/home/eddie/wyrd/wyrd.pdca-wt/crates/traits)
    Checking wyrd-metadata-redb v0.0.0 (/home/eddie/wyrd/wyrd.pdca-wt/crates/metadata-redb)
    Checking wyrd-metadata-fdb v0.0.0 (/home/eddie/wyrd/wyrd.pdca-wt/crates/metadata-fdb)
    Checking wyrd-metadata-tikv v0.0.0 (/home/eddie/wyrd/wyrd.pdca-wt/crates/metadata-tikv)
    Checking wyrd-coordination-conformance v0.0.0 (/home/eddie/wyrd/wyrd.pdca-wt/crates/coordination-conformance)
    Checking wyrd-coordination-etcd v0.0.0 (/home/eddie/wyrd/wyrd.pdca-wt/crates/coordination-etcd)
   Compiling synstructure v0.13.2
   Compiling futures-macro v0.3.32
   Compiling tokio-macros v2.7.0
   Compiling zerocopy-derive v0.8.52
   Compiling tracing-attributes v0.1.31
   Compiling prost-derive v0.14.4
   Compiling thiserror-impl v2.0.18
   Compiling pin-project-internal v1.1.13
   Compiling miette-derive v7.6.0
   Compiling thiserror-impl v1.0.69
   Compiling zerofrom-derive v0.1.7
   Compiling yoke-derive v0.8.2
   Compiling aws-smithy-runtime-api-macros v1.1.0
   Compiling zerovec-derive v0.11.3
   Compiling displaydoc v0.2.6
   Compiling tonic-build v0.14.6
   Compiling logos-codegen v0.16.1
    Checking tokio v1.52.3
    Checking futures-util v0.3.32
   Compiling logos-derive v0.15.1
    Checking zerofrom v0.1.8
    Checking pin-project v1.1.13
    Checking yoke v0.8.3
   Compiling miette v7.6.0
   Compiling logos v0.15.1
    Checking tracing v0.1.44
    Checking protobuf-support v3.7.2
    Checking zerovec v0.11.6
    Checking zerotrie v0.2.4
    Checking opentelemetry v0.32.0
    Checking prost v0.14.4
    Checking tracing-serde v0.2.0
    Checking tinytemplate v1.2.1
    Checking xtask v0.0.0 (/home/eddie/wyrd/wyrd.pdca-wt/xtask)
    Checking prost-types v0.14.4
    Checking tracing-subscriber v0.3.23
    Checking tinystr v0.8.3
    Checking potential_utf v0.1.5
    Checking icu_collections v2.2.0
   Compiling logos-derive v0.16.1
    Checking icu_locale_core v2.2.0
   Compiling logos v0.16.1
    Checking icu_provider v2.2.0
   Compiling prost-build v0.14.4
   Compiling protox-parse v0.9.0
   Compiling prost-reflect v0.16.4
    Checking icu_properties v2.2.0
    Checking icu_normalizer v2.2.0
    Checking tracing-opentelemetry v0.33.0
    Checking wyrd-core v0.0.0 (/home/eddie/wyrd/wyrd.pdca-wt/crates/core)
    Checking futures-executor v0.3.32
    Checking wyrd-gateway-core v0.0.0 (/home/eddie/wyrd/wyrd.pdca-wt/crates/gateway-core)
    Checking wyrd-metadata-conformance v0.0.0 (/home/eddie/wyrd/wyrd.pdca-wt/crates/metadata-conformance)
   Compiling tonic-prost-build v0.14.6
   Compiling madsim-tonic-build v0.6.0+0.14
    Checking idna_adapter v1.2.2
    Checking idna v1.1.0
    Checking url v2.5.8
    Checking tokio-util v0.7.18
    Checking wyrd-chunkstore-fs v0.0.0 (/home/eddie/wyrd/wyrd.pdca-wt/crates/chunkstore-fs)
    Checking aws-smithy-async v1.3.0
   Compiling protox v0.9.1
    Checking ppv-lite86 v0.2.21
    Checking half v2.7.1
    Checking h2 v0.4.15
    Checking tower v0.5.3
    Checking tokio-stream v0.1.19
    Checking aws-smithy-types v1.6.1
    Checking ciborium-ll v0.2.2
    Checking rand_chacha v0.10.0
    Checking rand_chacha v0.9.0
    Checking ciborium v0.2.2
    Checking rand v0.9.4
    Checking wyrd-testkit v0.0.0 (/home/eddie/wyrd/wyrd.pdca-wt/crates/testkit)
   Compiling wyrd-proto v0.0.0 (/home/eddie/wyrd/wyrd.pdca-wt/crates/proto)
    Checking wyrd-coordination-mem v0.0.0 (/home/eddie/wyrd/wyrd.pdca-wt/crates/coordination-mem)
    Checking wyrd-metadata-fault-conformance v0.0.0 (/home/eddie/wyrd/wyrd.pdca-wt/crates/metadata-fault-conformance)
    Checking aws-smithy-runtime-api v1.14.0
    Checking aws-smithy-eventstream v0.61.1
    Checking criterion v0.8.2
    Checking opentelemetry_sdk v0.32.1
    Checking aws-smithy-schema v0.2.0
    Checking aws-smithy-http v0.64.0
    Checking aws-credential-types v1.3.0
    Checking aws-smithy-observability v0.3.0
    Checking aws-sigv4 v1.5.1
    Checking aws-smithy-checksums v0.65.0
    Checking aws-smithy-runtime v1.12.1
    Checking aws-smithy-xml v0.62.0
    Checking aws-smithy-json v0.63.0
    Checking opentelemetry-prometheus v0.32.0
    Checking hyper v1.10.1
    Checking aws-runtime v1.9.1
    Checking hyper-util v0.1.20
    Checking aws-sdk-s3 v1.140.0
    Checking axum v0.8.9
    Checking hyper-timeout v0.5.2
    Checking aws-smithy-http-client v1.2.0
    Checking tonic v0.14.6
    Checking wyrd-gateway-s3 v0.0.0 (/home/eddie/wyrd/wyrd.pdca-wt/crates/gateway-s3)
    Checking tonic-prost v0.14.6
    Checking tonic-types v0.14.6
    Checking opentelemetry-proto v0.32.0
    Checking tonic-health v0.14.6
    Checking wyrd-chunkstore-grpc v0.0.0 (/home/eddie/wyrd/wyrd.pdca-wt/crates/chunkstore-grpc)
    Checking opentelemetry-otlp v0.32.0
    Checking wyrd-telemetry v0.0.0 (/home/eddie/wyrd/wyrd.pdca-wt/crates/telemetry)
    Checking wyrd-custodian v0.0.0 (/home/eddie/wyrd/wyrd.pdca-wt/crates/custodian)
    Checking wyrd-server v0.0.0 (/home/eddie/wyrd/wyrd.pdca-wt/crates/server)
    Finished `dev` profile [unoptimized + debuginfo] target(s) in 15.33s

$ cargo build --workspace --exclude wyrd-dst --all-targets
   Compiling bytes v1.12.1
   Compiling cfg-if v1.0.4
   Compiling pin-project-lite v0.2.17
   Compiling futures-core v0.3.32
   Compiling futures-sink v0.3.32
   Compiling slab v0.4.12
   Compiling futures-task v0.3.32
   Compiling memchr v2.8.2
   Compiling once_cell v1.21.4
   Compiling fnv v1.0.7
   Compiling either v1.16.0
   Compiling cpufeatures v0.3.0
   Compiling rand_core v0.10.1
   Compiling equivalent v1.0.2
   Compiling smallvec v1.15.2
   Compiling hashbrown v0.17.1
   Compiling libc v0.2.186
   Compiling percent-encoding v2.3.2
   Compiling try-lock v0.2.5
   Compiling atomic-waker v1.1.2
   Compiling tower-service v0.3.3
   Compiling lazy_static v1.5.0
   Compiling zerocopy v0.8.52
   Compiling serde_core v1.0.229
   Compiling futures-channel v0.3.32
   Compiling httpdate v1.0.3
   Compiling sync_wrapper v1.0.2
   Compiling tower-layer v0.3.3
   Compiling base64 v0.22.1
   Compiling ipnet v2.12.0
   Compiling num-traits v0.2.19
   Compiling httparse v1.10.1
   Compiling want v0.3.1
   Compiling thiserror v2.0.18
   Compiling fastrand v2.4.1
   Compiling bitflags v2.13.0
   Compiling mime v0.3.17
   Compiling futures-util v0.3.32
   Compiling tracing-core v0.1.36
   Compiling chacha20 v0.10.0
   Compiling matchit v0.8.4
   Compiling linux-raw-sys v0.12.1
   Compiling regex-syntax v0.8.11
   Compiling log v0.4.32
   Compiling itertools v0.14.0
   Compiling pin-project v1.1.13
   Compiling cpufeatures v0.2.17
   Compiling fixedbitset v0.5.7
   Compiling sharded-slab v0.1.7
   Compiling thread_local v1.1.9
   Compiling nu-ansi-term v0.50.3
   Compiling getrandom v0.4.3
   Compiling logos-codegen v0.15.1
   Compiling miette v7.6.0
   Compiling pollster v1.0.1
   Compiling thiserror v1.0.69
   Compiling scopeguard v1.2.0
   Compiling redb v4.1.0
   Compiling typenum v1.20.1
   Compiling protobuf-support v3.7.2
   Compiling lock_api v0.4.14
   Compiling num-conv v0.2.2
   Compiling wyrd-traits v0.0.0 (/home/eddie/wyrd/wyrd.pdca-wt/crates/traits)
   Compiling http v1.4.2
   Compiling aho-corasick v1.1.4
   Compiling pulldown-cmark v0.13.4
   Compiling http v0.2.12
   Compiling vsimd v0.8.0
   Compiling outref v0.5.2
   Compiling reed-solomon-simd v3.1.0
   Compiling indexmap v2.14.0
   Compiling time-core v0.1.9
   Compiling rustix v1.1.4
   Compiling powerfmt v0.2.0
   Compiling deranged v0.5.8
   Compiling bytes-utils v0.1.4
   Compiling ryu v1.0.23
   Compiling tracing v0.1.44
   Compiling tracing-log v0.2.0
   Compiling chrono v0.4.45
   Compiling protobuf v3.7.2
   Compiling num-integer v0.1.46
   Compiling zeroize v1.9.0
   Compiling pin-utils v0.1.0
   Compiling opentelemetry v0.32.0
   Compiling zerofrom v0.1.8
   Compiling cmov v0.5.4
   Compiling stable_deref_trait v1.2.1
   Compiling const-oid v0.10.2
   Compiling litemap v0.8.2
   Compiling writeable v0.6.3
   Compiling yoke v0.8.3
   Compiling crc32fast v1.5.0
   Compiling utf8_iter v1.0.4
   Compiling base64-simd v0.8.0
   Compiling icu_normalizer_data v2.2.0
   Compiling icu_properties_data v2.2.0
   Compiling ctutils v0.4.2
   Compiling roxmltree v0.21.1
   Compiling form_urlencoded v1.2.2
   Compiling zerovec v0.11.6
   Compiling zerotrie v0.2.4
   Compiling hex v0.4.3
   Compiling errno v0.3.14
   Compiling mio v1.2.1
   Compiling socket2 v0.6.4
   Compiling getrandom v0.3.4
   Compiling signal-hook-registry v1.4.8
   Compiling parking_lot_core v0.9.12
   Compiling petgraph v0.8.3
   Compiling rand v0.10.2
   Compiling rand_core v0.9.5
   Compiling http-body v1.1.0
   Compiling http-body v0.4.6
   Compiling spin v0.10.1
   Compiling foldhash v0.2.0
   Compiling allocator-api2 v0.2.21
   Compiling rustls-pki-types v1.15.0
   Compiling http-body-util v0.1.3
   Compiling parking_lot v0.12.5
   Compiling regex-automata v0.4.14
   Compiling tokio v1.52.3
   Compiling hybrid-array v0.4.13
   Compiling generic-array v0.14.7
   Compiling openssl-probe v0.2.1
   Compiling axum-core v0.5.6
   Compiling pulldown-cmark-to-cmark v22.0.0
   Compiling tinystr v0.8.3
   Compiling potential_utf v0.1.5
   Compiling uuid v1.23.4
   Compiling xmlparser v0.13.6
   Compiling time v0.3.53
   Compiling hashbrown v0.16.1
   Compiling prost-derive v0.14.4
   Compiling icu_collections v2.2.0
   Compiling icu_locale_core v2.2.0
   Compiling rustls-native-certs v0.8.4
   Compiling arc-swap v1.9.2
   Compiling logos-derive v0.15.1
   Compiling regex-lite v0.1.9
   Compiling crypto-common v0.2.2
   Compiling block-buffer v0.12.1
   Compiling crypto-common v0.1.7
   Compiling anstyle v1.0.14
   Compiling clap_lex v1.1.0
   Compiling ciborium-io v0.2.2
   Compiling itertools v0.13.0
   Compiling logos v0.15.1
   Compiling same-file v1.0.6
   Compiling cast v0.3.0
   Compiling digest v0.10.7
   Compiling alloca v0.4.0
   Compiling page_size v0.6.0
   Compiling oorandom v11.1.5
   Compiling anes v0.1.6
   Compiling serde v1.0.229
   Compiling serde_json v1.0.151
   Compiling crc-fast v1.10.0
   Compiling walkdir v2.5.0
   Compiling wyrd-metadata-fdb v0.0.0 (/home/eddie/wyrd/wyrd.pdca-wt/crates/metadata-fdb)
   Compiling wyrd-metadata-tikv v0.0.0 (/home/eddie/wyrd/wyrd.pdca-wt/crates/metadata-tikv)
   Compiling clap_builder v4.6.0
   Compiling wyrd-coordination-conformance v0.0.0 (/home/eddie/wyrd/wyrd.pdca-wt/crates/coordination-conformance)
   Compiling wyrd-coordination-etcd v0.0.0 (/home/eddie/wyrd/wyrd.pdca-wt/crates/coordination-etcd)
   Compiling tempfile v3.27.0
   Compiling lru v0.16.4
   Compiling digest v0.11.3
   Compiling futures-executor v0.3.32
   Compiling icu_provider v2.2.0
   Compiling wyrd-gateway-core v0.0.0 (/home/eddie/wyrd/wyrd.pdca-wt/crates/gateway-core)
   Compiling wyrd-metadata-conformance v0.0.0 (/home/eddie/wyrd/wyrd.pdca-wt/crates/metadata-conformance)
   Compiling tracing-serde v0.2.0
   Compiling sha2 v0.11.0
   Compiling hmac v0.13.0
   Compiling sha1 v0.11.0
   Compiling md-5 v0.11.0
   Compiling icu_properties v2.2.0
   Compiling icu_normalizer v2.2.0
   Compiling prost v0.14.4
   Compiling wyrd-metadata-redb v0.0.0 (/home/eddie/wyrd/wyrd.pdca-wt/crates/metadata-redb)
   Compiling wyrd-core v0.0.0 (/home/eddie/wyrd/wyrd.pdca-wt/crates/core)
   Compiling tinytemplate v1.2.1
   Compiling xtask v0.0.0 (/home/eddie/wyrd/wyrd.pdca-wt/xtask)
   Compiling prost-types v0.14.4
   Compiling criterion-plot v0.8.2
   Compiling idna_adapter v1.2.2
   Compiling matchers v0.2.0
   Compiling regex v1.12.4
   Compiling idna v1.1.0
   Compiling tracing-subscriber v0.3.23
   Compiling ppv-lite86 v0.2.21
   Compiling half v2.7.1
   Compiling clap v4.6.1
   Compiling url v2.5.8
   Compiling protox-parse v0.9.0
   Compiling ciborium-ll v0.2.2
   Compiling rand_chacha v0.10.0
   Compiling rand_chacha v0.9.0
   Compiling prometheus v0.14.0
   Compiling ciborium v0.2.2
   Compiling logos-codegen v0.16.1
   Compiling wyrd-testkit v0.0.0 (/home/eddie/wyrd/wyrd.pdca-wt/crates/testkit)
   Compiling rand v0.9.4
   Compiling wyrd-coordination-mem v0.0.0 (/home/eddie/wyrd/wyrd.pdca-wt/crates/coordination-mem)
   Compiling prost-build v0.14.4
   Compiling criterion v0.8.2
   Compiling wyrd-chunk-format v0.0.0 (/home/eddie/wyrd/wyrd.pdca-wt/crates/chunk-format)
   Compiling opentelemetry_sdk v0.32.1
   Compiling tracing-opentelemetry v0.33.0
   Compiling tonic-prost-build v0.14.6
   Compiling logos-derive v0.16.1
   Compiling madsim-tonic-build v0.6.0+0.14
   Compiling logos v0.16.1
   Compiling prost-reflect v0.16.4
   Compiling tokio-util v0.7.18
   Compiling wyrd-chunkstore-fs v0.0.0 (/home/eddie/wyrd/wyrd.pdca-wt/crates/chunkstore-fs)
   Compiling wyrd-metadata-fault-conformance v0.0.0 (/home/eddie/wyrd/wyrd.pdca-wt/crates/metadata-fault-conformance)
   Compiling aws-smithy-async v1.3.0
   Compiling h2 v0.4.15
   Compiling tower v0.5.3
   Compiling tokio-stream v0.1.19
   Compiling aws-smithy-types v1.6.1
   Compiling opentelemetry-prometheus v0.32.0
   Compiling aws-smithy-runtime-api v1.14.0
   Compiling aws-smithy-eventstream v0.61.1
   Compiling protox v0.9.1
   Compiling aws-smithy-schema v0.2.0
   Compiling aws-smithy-http v0.64.0
   Compiling aws-credential-types v1.3.0
   Compiling aws-smithy-observability v0.3.0
   Compiling aws-sigv4 v1.5.1
   Compiling aws-smithy-checksums v0.65.0
   Compiling wyrd-proto v0.0.0 (/home/eddie/wyrd/wyrd.pdca-wt/crates/proto)
   Compiling aws-types v1.5.0
   Compiling aws-smithy-runtime v1.12.1
   Compiling aws-smithy-json v0.63.0
   Compiling aws-smithy-xml v0.62.0
   Compiling hyper v1.10.1
   Compiling hyper-util v0.1.20
   Compiling aws-runtime v1.9.1
   Compiling axum v0.8.9
   Compiling hyper-timeout v0.5.2
   Compiling aws-smithy-http-client v1.2.0
   Compiling aws-sdk-s3 v1.140.0
   Compiling tonic v0.14.6
   Compiling wyrd-gateway-s3 v0.0.0 (/home/eddie/wyrd/wyrd.pdca-wt/crates/gateway-s3)
   Compiling tonic-prost v0.14.6
   Compiling tonic-types v0.14.6
   Compiling opentelemetry-proto v0.32.0
   Compiling tonic-health v0.14.6
   Compiling wyrd-chunkstore-grpc v0.0.0 (/home/eddie/wyrd/wyrd.pdca-wt/crates/chunkstore-grpc)
   Compiling opentelemetry-otlp v0.32.0
   Compiling wyrd-telemetry v0.0.0 (/home/eddie/wyrd/wyrd.pdca-wt/crates/telemetry)
   Compiling wyrd-custodian v0.0.0 (/home/eddie/wyrd/wyrd.pdca-wt/crates/custodian)
   Compiling wyrd-server v0.0.0 (/home/eddie/wyrd/wyrd.pdca-wt/crates/server)
    Finished `dev` profile [unoptimized + debuginfo] target(s) in 27.42s

$ cargo test --workspace --exclude wyrd-dst
    Finished `test` profile [unoptimized + debuginfo] target(s) in 0.12s
     Running unittests src/lib.rs (target/debug/deps/wyrd_chunk_format-3d891972aa5fbdbe)

running 18 tests
test codec::tests::header_length_exact_buffer_is_truncated_payload ... ok
test codec::tests::refuses_an_encrypted_payload ... ok
test codec::tests::rejects_a_corrupt_payload ... ok
test codec::tests::rejects_a_corrupt_header ... ok
test codec::tests::rejects_a_reserved_ec_scheme ... ok
test codec::tests::rejects_a_short_buffer ... ok
test codec::tests::rejects_an_unknown_version ... ok
test codec::tests::rejects_an_unsupported_encryption_scheme ... ok
test codec::tests::rejects_an_unsupported_checksum_algo ... ok
test codec::tests::rejects_a_reserved_flag ... ok
test codec::tests::rejects_a_truncated_payload ... ok
test codec::tests::rejects_header_length_below_core ... ok
test codec::tests::rejects_bad_magic ... ok
test codec::tests::rejects_header_length_past_buffer ... ok
test codec::tests::round_trips_a_basic_fragment ... ok
test codec::tests::round_trips_a_replication_fragment ... ok
test error::tests::variant_name_is_distinct_and_nonempty ... ok
test codec::tests::round_trips_an_empty_payload ... ok

test result: ok. 18 passed; 0 failed; 0 ignored; 0 measured; 0 filtered out; finished in 0.00s

     Running tests/roundtrip.rs (target/debug/deps/roundtrip-d9ab6c013aa7fbcd)

running 1 test
test encode_decode_round_trips_across_seeds ... ok

test result: ok. 1 passed; 0 failed; 0 ignored; 0 measured; 0 filtered out; finished in 0.02s

     Running unittests src/lib.rs (target/debug/deps/wyrd_chunkstore_fs-64834c9961d18fdf)

running 4 tests
test tests::not_a_fragment_error_exposes_its_source ... ok
test tests::parse_chunk_dir_name_requires_full_width_and_hex ... ok
test tests::scratch_names_are_unique_per_seq_and_invisible_to_listing ... ok
test tests::list_fragments_on_an_absent_root_is_empty_not_an_error ... ok

test result: ok. 4 passed; 0 failed; 0 ignored; 0 measured; 0 filtered out; finished in 0.00s

     Running tests/blocking_offload.rs (target/debug/deps/blocking_offload-62fd7afa0fa89200)

running 1 test
test storage_io_burst_does_not_starve_a_co_scheduled_timer ... ok

test result: ok. 1 passed; 0 failed; 0 ignored; 0 measured; 0 filtered out; finished in 0.18s

     Running tests/concurrent_put.rs (target/debug/deps/concurrent_put-b8fa52007d825b40)

running 1 test
test concurrent_same_id_writes_all_succeed_and_publish_one_verified_fragment ... ok

test result: ok. 1 passed; 0 failed; 0 ignored; 0 measured; 0 filtered out; finished in 0.04s

     Running tests/conformance.rs (target/debug/deps/conformance-b88ce8e5c68bb3b3)

running 9 tests
test health_is_healthy_when_open ... ok
test get_unknown_id_is_none ... ok
test put_rejects_non_fragment_bytes ... ok
test fragments_of_one_chunk_are_addressed_independently_by_index ... ok
test put_rejects_chunk_or_index_mismatch ... ok
test corruption_is_detected_on_read ... ok
test list_skips_foreign_and_temp_entries ... ok
test put_then_get_is_byte_identical ... ok
test list_and_delete_walk_the_store ... ok

test result: ok. 9 passed; 0 failed; 0 ignored; 0 measured; 0 filtered out; finished in 0.00s

     Running unittests src/lib.rs (target/debug/deps/wyrd_chunkstore_grpc-04abdd4dd5018edf)

running 13 tests
test client::tests::the_transient_trio_codes_all_classify_transient ... ok
test client::tests::data_loss_is_integrity_and_the_rest_fail_safe_to_terminal ... ok
test error::tests::status_code_maps_to_the_specific_transport_variant ... ok
test error::tests::source_exposes_the_wrapped_status ... ok
test fanout::tests::health_is_unhealthy_only_when_all_backends_are ... ok
test fanout::tests::get_fragment_at_resolves_every_fragment_in_a_rotated_reed_solomon_placement ... ok
test fanout::tests::list_fragments_unions_every_backend ... ok
test fanout::tests::health_is_healthy_only_when_all_backends_are ... ok
test fanout::tests::get_fragment_at_resolves_an_ec_none_fragment_moved_off_its_index_home ... ok
test fanout::tests::health_degrades_on_a_single_dead_backend ... ok
test fanout::tests::put_fragment_at_places_on_the_named_dserver_not_index_mod_n ... ok
test fanout::tests::route_places_each_index_on_index_mod_n ... ok
test fanout::tests::width_reports_the_backing_store_count ... ok

test result: ok. 13 passed; 0 failed; 0 ignored; 0 measured; 0 filtered out; finished in 0.00s

     Running tests/dserver_image.rs (target/debug/deps/dserver_image-8c297c6e2639779f)

running 1 test
test runtime_stage_sets_non_root_user_before_entrypoint ... ok

test result: ok. 1 passed; 0 failed; 0 ignored; 0 measured; 0 filtered out; finished in 0.00s

     Running tests/error_class.rs (target/debug/deps/error_class-00062190f8d11ebe)

running 7 tests
test the_transient_class_keeps_the_transport_detail_reachable ... ok
test a_dns_resolution_failure_classifies_transient_on_dial ... ok
test a_genuine_unreachable_d_server_classifies_transient_over_grpc ... ok
test a_store_named_transient_fault_classifies_transient_over_grpc ... ok
test transient_and_terminal_are_distinguishable_across_the_seam ... ok
test a_genuine_integrity_fault_classifies_integrity_over_grpc ... ok
test a_genuine_request_timeout_classifies_transient_over_grpc ... ok

test result: ok. 7 passed; 0 failed; 0 ignored; 0 measured; 0 filtered out; finished in 0.25s

     Running tests/list_delete.rs (target/debug/deps/list_delete-0f8c3ec3caab5c41)

running 2 tests
test list_and_delete_in_process ... ok
test list_and_delete_over_grpc ... ok

test result: ok. 2 passed; 0 failed; 0 ignored; 0 measured; 0 filtered out; finished in 0.01s

     Running tests/read_fault_seam.rs (target/debug/deps/read_fault_seam-f98436b0a8fc99ac)

running 2 tests
test remote_generic_error_stays_transient_transport_error_over_grpc ... ok
test remote_eio_is_block_read_fault_not_corruption_over_grpc ... ok

test result: ok. 2 passed; 0 failed; 0 ignored; 0 measured; 0 filtered out; finished in 0.00s

     Running tests/round_trip.rs (target/debug/deps/round_trip-aecd95e9ecbc6c8f)

running 3 tests
test put_of_a_malformed_fragment_is_invalid_argument_over_grpc ... ok
test get_of_a_rotten_fragment_is_an_integrity_fault_over_grpc ... ok
test put_get_health_round_trip_over_grpc ... ok

test result: ok. 3 passed; 0 failed; 0 ignored; 0 measured; 0 filtered out; finished in 0.01s

     Running tests/tier1_jepsen_consistency.rs (target/debug/deps/tier1_jepsen_consistency-2bc7e40dbc9a1797)

running 19 tests
test commit_point_atomic_passes_when_orphan_exists_and_victim_in_placement ... ok
test distinct_domains_fails_for_duplicate_domain ... ok
test jepsen_consistency_over_repair_under_live_partition_and_crash ... ignored, Tier-1: needs real containerized D servers — run via `cargo xtask jepsen`
test jepsen_consistency_over_repair_under_partition_and_crash ... ignored, Tier-1: needs real containerized D servers — run via `cargo xtask jepsen`
test distinct_domains_fails_for_unregistered_server ... ok
test commit_point_atomic_fails_when_orphan_absent ... ok
test exactly_once_convergence_fails_on_lost_commit ... ok
test exactly_once_convergence_fails_on_duplicate_commit ... ok
test commit_point_atomic_fails_when_victim_not_in_committed_placement ... ok
test distinct_domains_passes_for_all_different ... ok
test exactly_once_convergence_passes_when_version_increments_by_one ... ok
test node_liveness_during_isolation_fails_when_paused ... ok
test node_liveness_during_isolation_passes_when_running ... ok
test node_liveness_during_isolation_fails_when_exited ... ok
test read_after_commit_fails_when_committed_server_is_not_readable ... ok
test read_after_commit_passes_when_all_committed_servers_are_readable ... ok
test redundancy_outcome_fails_when_wrong_fragment_count ... ok
test redundancy_outcome_fails_when_dead_server_in_placement ... ok
test redundancy_outcome_passes_when_victim_absent_and_n_fragments ... ok

test result: ok. 17 passed; 0 failed; 2 ignored; 0 measured; 0 filtered out; finished in 0.00s

     Running tests/tier2_integration.rs (target/debug/deps/tier2_integration-a9d94756ba354f24)

running 1 test
test write_read_byte_identical_over_real_networked_dservers ... ignored, Tier-2: needs real containerized gRPC D servers — run via `cargo xtask integration`

test result: ok. 0 passed; 0 failed; 1 ignored; 0 measured; 0 filtered out; finished in 0.00s

     Running tests/tier2_kill_reconstruct.rs (target/debug/deps/tier2_kill_reconstruct-140858aac728c40e)

running 10 tests
test kill_reconstruct_restores_full_redundancy_in_distinct_domains ... ignored, Tier-2: needs real containerized D servers — run via `cargo xtask kill-reconstruct`
test distinct_domains_fails_for_unregistered_server ... ok
test garbage_not_corruption_fails_when_orphan_is_absent ... ok
test distinct_domains_passes_for_all_different ... ok
test garbage_not_corruption_fails_when_victim_not_in_committed_placement ... ok
test distinct_domains_fails_for_duplicate_domain ... ok
test garbage_not_corruption_passes_when_orphan_exists_and_victim_still_in_committed_placement ... ok
test redundancy_outcome_fails_when_victim_in_placement ... ok
test redundancy_outcome_fails_when_wrong_fragment_count ... ok
test redundancy_outcome_passes_when_victim_absent_and_n_fragments ... ok

test result: ok. 9 passed; 0 failed; 1 ignored; 0 measured; 0 filtered out; finished in 0.00s

     Running unittests src/lib.rs (target/debug/deps/wyrd_coordination_conformance-c6c882c1b164ffbe)

running 0 tests

test result: ok. 0 passed; 0 failed; 0 ignored; 0 measured; 0 filtered out; finished in 0.00s

     Running tests/demonstrated_red.rs (target/debug/deps/demonstrated_red-cebbc26d8a785d91)

running 8 tests
test a_correct_store_passes_every_clause ... ok
test fencing_catches_a_constant_token_store - should panic ... ok
test config_catches_a_frozen_revision_after_read_back_passes - should panic ... ok
test config_catches_a_global_write_counter_revision - should panic ... ok
test leases_catch_a_duplicate_id_store - should panic ... ok
test locks_catch_a_non_exclusive_store - should panic ... ok
test register_then_discover_catches_a_store_that_never_discovers - should panic ... ok
test renew_and_revoke_catches_a_store_that_never_revokes - should panic ... ok

test result: ok. 8 passed; 0 failed; 0 ignored; 0 measured; 0 filtered out; finished in 0.00s

     Running unittests src/lib.rs (target/debug/deps/wyrd_coordination_etcd-fdcdc03f955c5ad4)

running 10 tests
test fencing::tests::a_non_positive_revision_floors_at_zero_not_wraps ... ok
test fencing::tests::tokens_track_the_revision_monotonically ... ok
test hold::tests::a_tiny_or_bogus_ttl_is_floored_at_one_second ... ok
test hold::tests::renews_at_a_third_of_the_ttl_with_headroom ... ok
test keyspace::tests::discovery_prefix_isolates_hierarchical_keys ... ok
test keyspace::tests::concerns_live_under_disjoint_prefixes ... ok
test keyspace::tests::discovery_prefix_isolates_sibling_keys ... ok
test keyspace::tests::election_prefix_isolates_hierarchical_keys ... ok
test keyspace::tests::member_key_is_stable_and_lease_scoped ... ok
test keyspace::tests::namespaces_do_not_collide ... ok

test result: ok. 10 passed; 0 failed; 0 ignored; 0 measured; 0 filtered out; finished in 0.00s

     Running tests/conformance.rs (target/debug/deps/conformance-5c3605221d6f5628)

running 1 test
test trait_contract_against_etcd ... ok

test result: ok. 1 passed; 0 failed; 0 ignored; 0 measured; 0 filtered out; finished in 0.00s

     Running unittests src/lib.rs (target/debug/deps/wyrd_coordination_mem-3627ae8fa2ee1175)

running 0 tests

test result: ok. 0 passed; 0 failed; 0 ignored; 0 measured; 0 filtered out; finished in 0.00s

     Running tests/conformance.rs (target/debug/deps/conformance-89eb969fa60785f6)

running 7 tests
test a_lease_is_gone_at_its_exact_expiry_instant ... ok
test config_is_mutable_and_revisioned ... ok
test lease_ids_rise_within_the_process ... ok
test a_lease_expires_once_its_ttl_elapses ... ok
test renewal_extends_a_lease_and_expired_leases_cannot_renew ... ok
test revoke_withdraws_a_registration_immediately ... ok
test trait_contract ... ok

test result: ok. 7 passed; 0 failed; 0 ignored; 0 measured; 0 filtered out; finished in 0.00s

     Running unittests src/lib.rs (target/debug/deps/wyrd_core-af8cf325598499a6)

running 43 tests
test erasure::tests::coder_error_exposes_its_wrapped_source ... ok
test erasure::tests::reconstruct_with_k_zero_is_a_typed_error_not_a_panic ... ok
test erasure::tests::reconstruct_with_m_zero_is_a_typed_error_even_with_all_k_shards_present ... ok
test erasure::tests::supported_accepts_the_schemes_this_module_round_trips ... ok
test metadata::segmented_shape_invariants::a_group_prefix_can_never_alias_another_generations_epoch_range ... ok
test metadata::segmented_shape_invariants::a_decoded_root_exposes_which_shape_it_is ... ok
test metadata::segmented_shape_invariants::a_segment_record_covering_no_bytes_is_err ... ok
test metadata::segmented_shape_invariants::a_segment_index_past_the_key_space_is_neither_a_key_nor_a_value ... ok
test metadata::segmented_shape_invariants::a_decoded_segment_record_reports_the_span_its_chunks_cover ... ok
test metadata::segmented_shape_invariants::only_canonical_epoch_spellings_address_a_segment ... ok
test metadata::segmented_shape_invariants::segment_key_round_trips_over_the_whole_addressable_index_space ... ok
test metadata::segmented_shape_invariants::every_span_arithmetic_that_leaves_u64_is_refused_not_wrapped ... ok
test metadata::segmented_shape_invariants::segment_record_chunk_lengths_not_summing_to_byte_len_is_err ... ok
test metadata::tests::empty_placement_is_valid_pre_m3_identity ... ok
test metadata::segmented_shape_invariants::wrong_width_segment_index_key_is_malformed ... ok
test metadata::tests::full_length_placement_is_valid ... ok
test metadata::tests::non_empty_wrong_length_placement_is_malformed ... ok
test metadata::tests::read_path_fragments_stays_liberal_for_malformed_placement ... ok
test metadata::tests::the_value_ceiling_admits_the_boundary_and_refuses_only_past_it ... ok
test placement::tests::domain_utilization_sums_per_domain ... ok
test placement::tests::excluding_carries_retained_utilization_not_excluded ... ok
test placement::tests::excluding_drops_servers_and_their_utilization ... ok
test placement::tests::places_when_free_domains_exactly_equal_need ... ok
test placement::tests::places_across_n_distinct_domains ... ok
test placement::tests::refuses_when_domains_below_n ... ok
test placement::tests::replacement_refuses_when_no_free_domain_remains ... ok
test placement::tests::replacement_avoids_occupied_domains ... ok
test read::tests::read_chunk_rejects_a_stored_k_zero_scheme ... ok
test read::tests::read_chunk_rejects_a_stored_m_zero_scheme ... ok
test repair::tests::intact_shard_accepts_the_expected_fragment_and_rejects_wrong_identity ... ok
test read::tests::oversized_inode_size_with_empty_chunk_map_errors_cleanly_not_panics ... ok
test repair::tests::replication_single_copy_fragment_is_admitted_under_scheme_none ... ok
test metadata::segmented_shape_invariants::create_refuses_a_record_it_could_not_read_back ... ok
test metadata::segmented_shape_invariants::every_chunk_map_commit_refuses_a_segmented_prior_instead_of_stranding_its_segments ... ok
test metadata::segmented_shape_invariants::create_refuses_a_segmented_record_this_build_cannot_publish ... ok
test metadata::segmented_shape_invariants::a_segmented_prior_outranks_the_lease_state_it_is_committed_under ... ok
test metadata::segmented_shape_invariants::unlink_refuses_a_segmented_inode_rather_than_unbind_fragments_it_cannot_orphan ... ok
test metadata::segmented_shape_invariants::high_water_marks_is_total_over_records_it_cannot_read ... ok
test erasure::tests::reconstruct_with_k_zero_and_nonempty_available_is_still_a_typed_error ... ok
test erasure::tests::fewer_than_k_shards_is_an_error ... ok
test erasure::tests::round_trip_matrix ... ok
test erasure::tests::reconstructs_from_every_six_of_nine_for_rs_6_3 ... ok
test erasure::tests::seeded_random_data_and_subsets_round_trip ... ok

test result: ok. 43 passed; 0 failed; 0 ignored; 0 measured; 0 filtered out; finished in 1.20s

     Running tests/buffered_lease_lapse.rs (target/debug/deps/buffered_lease_lapse-b957ec0a2cfb6127)

running 3 tests
test stalled_buffered_create_fails_closed_when_its_lease_lapses ... ok
test stalled_buffered_placed_create_fails_closed_when_its_lease_lapses ... ok
test buffered_create_inside_the_ttl_still_publishes ... ok

test result: ok. 3 passed; 0 failed; 0 ignored; 0 measured; 0 filtered out; finished in 0.01s

     Running tests/domain_placement.rs (target/debug/deps/domain_placement-7ef100f2bf045c49)

running 1 test
test write_records_distinct_domain_placement_not_identity ... ok

test result: ok. 1 passed; 0 failed; 0 ignored; 0 measured; 0 filtered out; finished in 0.04s

     Running tests/fragment_identity.rs (target/debug/deps/fragment_identity-c79c741aafaf7e76)

running 3 tests
test ec_read_rejects_a_fragment_whose_ec_tuple_disagrees_with_scheme ... ok
test ec_read_rejects_a_same_chunk_wrong_index_fragment ... ok
test ec_read_rejects_a_same_scheme_type_wrong_geometry_fragment ... ok

test result: ok. 3 passed; 0 failed; 0 ignored; 0 measured; 0 filtered out; finished in 0.05s

     Running tests/multipart_budget_admission.rs (target/debug/deps/multipart_budget_admission-3d4aeeb559641458)

running 18 tests
test g2_zero_inflight_parts_is_refused ... ok
test g3_parts_per_session_past_the_key_space_is_refused ... ok
test g5_owned_staging_range_past_scan_cap_half_is_refused ... ok
test p1_count_above_its_own_max_sessions_still_decodes ... ok
test g4_more_parts_in_flight_than_the_session_may_hold_is_refused ... ok
test g1_zero_part_chunks_is_refused_before_the_derivation ... ok
test g7_reference_budget_below_one_session_is_refused ... ok
test p2_staged_ceiling_above_any_publishable_product_still_decodes ... ok
test max_sessions_is_clamped_to_scan_cap_half_when_that_term_binds ... ok
test p3_part_chunks_outside_the_proposal_window_still_decodes ... ok
test g6_staged_ceiling_below_one_maximal_part_is_refused ... ok
test p_arith_accept_maximal_staged_chunks_decodes ... ok
test an_unknown_field_or_unreadable_bytes_are_refused_rather_than_dropped ... ok
test g8_stored_limit_disagreeing_with_its_own_profile_is_refused ... ok
test p_arith_reject_maximal_record_names_the_rule_exact_arithmetic_violates ... ok
test re_encoding_a_record_this_codec_wrote_is_byte_identical ... ok
test u_ref_takes_whichever_of_its_two_arms_binds ... ok
test round_trip_preserves_every_field ... ok

test result: ok. 18 passed; 0 failed; 0 ignored; 0 measured; 0 filtered out; finished in 0.00s

     Running tests/multipart_keys.rs (target/debug/deps/multipart_keys-b2cd5b46d11a4a40)

running 21 tests
test a_retire_key_reports_an_unknown_mode_apart_from_a_key_that_does_not_decode ... ok
test digest_hex_is_the_exact_inverse_over_every_byte_value ... ok
test a_session_range_selects_exactly_its_own_class_and_session ... ok
test mpu_key_round_trips_and_rejects_noncanonical ... ok
test no_key_prefix_is_a_prefix_of_another ... ok
test fixed_width_key_byte_order_matches_numeric_order ... ok
test every_rejection_is_a_typed_error_that_names_the_violation ... ok
test part_key_round_trips_and_rejects_noncanonical ... ok
test pinned_format_constants_hold ... ok
test psum_key_round_trips_and_rejects_noncanonical ... ok
test retire_key_rejects_a_token_of_neither_form_and_every_malformed_spelling ... ok
test scan_mpu_does_not_reach_the_mpuctl_singleton ... ok
test retire_key_round_trips_both_token_forms_under_both_modes ... ok
test sidx_is_not_reachable_from_a_pending_scan ... ok
test serde_decode_routes_through_the_validating_constructors ... ok
test the_canonical_spelling_of_every_key_is_pinned_to_the_byte ... ok
test the_identity_accessors_return_the_value_they_were_built_from ... ok
test sidx_key_round_trips_and_rejects_noncanonical ... ok
test upload_and_attempt_ids_validate_the_token_grammar ... ok
test slot_key_round_trips_and_rejects_noncanonical ... ok
test digest_hex_rejects_every_second_spelling ... ok

test result: ok. 21 passed; 0 failed; 0 ignored; 0 measured; 0 filtered out; finished in 0.00s

     Running tests/mutation_regressions.rs (target/debug/deps/mutation_regressions-38225eb609529985)

running 9 tests
test sweep_reclaims_at_expiry_boundary_and_deletes ... ok
test commit_chunk_map_bumps_version_by_one ... ok
test a_legacy_record_without_metadata_fields_still_wins_its_cas_commits ... ok
test commit_chunk_map_superseding_leased_stamps_a_fresh_modified ... ok
test commit_chunk_map_preserves_object_metadata_across_a_repair ... ok
test commit_chunk_map_superseding_stamps_a_fresh_modified ... ok
test read_with_fewer_than_k_fragments_reports_insufficient ... ok
test write_new_object_releases_pending_on_commit ... ok
test write_new_object_placed_releases_pending_on_commit ... ok

test result: ok. 9 passed; 0 failed; 0 ignored; 0 measured; 0 filtered out; finished in 0.04s

     Running tests/mutation_regressions_round2.rs (target/debug/deps/mutation_regressions_round2-2738edb20dfa6b17)

running 3 tests
test write_plan_chunk_ids_are_the_minted_ids ... ok
test write_new_object_lease_expiry_is_now_plus_ttl ... ok
test write_new_object_placed_lease_expiry_is_now_plus_ttl ... ok

test result: ok. 3 passed; 0 failed; 0 ignored; 0 measured; 0 filtered out; finished in 0.04s

     Running tests/placement_record.rs (target/debug/deps/placement_record-4e5e20b2b788c33d)

running 11 tests
test fragments_matrix::none_empty_placement_is_pure_identity ... ok
test fragments_matrix::none_malformed_length_placement_still_resolves_liberally ... ok
test empty_placement_ec_none_resolves_via_identity_fallback ... ok
test fragments_matrix::rs_short_placement_mixes_record_and_identity_fallback ... ok
test fragments_matrix::rs_full_placement_resolves_from_record ... ok
test fragments_matrix::rs_empty_placement_is_pure_identity ... ok
test fragments_matrix::none_full_placement_resolves_from_record ... ok
test empty_placement_rs_6_3_resolves_via_identity_fallback ... ok
test short_placement_rs_6_3_mixed_explicit_and_fallback ... ok
test write_records_placement_read_resolves_after_reopen ... ok
test moved_fragment_resolved_from_record_after_reopen ... ok

test result: ok. 11 passed; 0 failed; 0 ignored; 0 measured; 0 filtered out; finished in 0.05s

     Running tests/read_block_fault_repair.rs (target/debug/deps/read_block_fault_repair-c9647760944e645c)

running 2 tests
test none_scheme_block_fault_fails_the_read_but_still_enqueues_repair ... ok
test ec_read_around_block_fault_still_enqueues_repair_with_non_corruption_reason ... ok

test result: ok. 2 passed; 0 failed; 0 ignored; 0 measured; 0 filtered out; finished in 0.05s

     Running tests/read_repair.rs (target/debug/deps/read_repair-99c063e91b4ea7de)

running 8 tests
test none_read_rejects_a_misplaced_but_intact_fragment ... ok
test none_read_enqueues_integrity_fault_fragment_for_repair ... ok
test unrecoverable_read_still_enqueues_the_corrupt_chunk ... ok
test ec_read_treats_a_misplaced_but_intact_fragment_as_absent ... ok
test a_corrupt_fragment_is_reported_with_its_index_and_its_placed_dserver ... ok
test ec_read_enqueues_integrity_fault_shard_for_repair_and_reconstructs ... ok
test a_transient_dserver_failure_is_no_longer_silent ... ok
test ec_read_excludes_corrupt_fragment_and_enqueues_for_repair ... ok

test result: ok. 8 passed; 0 failed; 0 ignored; 0 measured; 0 filtered out; finished in 0.05s

     Running tests/segmented_map_record.rs (target/debug/deps/segmented_map_record-0c60cdd1f182d8c4)

running 16 tests
test a_segment_table_whose_tiling_leaves_u64_is_err ... ok
test legacy_flat_record_round_trips_byte_identically ... ok
test non_monotonic_segment_span_is_err ... ok
test segment_table_span_disagreeing_with_size_is_err ... ok
test duplicate_segment_index_is_err ... ok
test an_empty_segmented_map_is_err ... ok
test overlapping_segment_spans_is_err ... ok
test segment_count_mismatching_segments_len_is_err ... ok
test a_zero_byte_segment_is_err ... ok
test non_hex_nonce_is_err ... ok
test segment_index_gap_is_err ... ok
test well_formed_segmented_root_decodes ... ok
test segmented_root_round_trips_byte_identically ... ok
test legacy_flat_record_cas_still_commits_against_the_original_bytes ... ok
test segmented_root_cas_commits_against_the_stored_bytes ... ok
test segmented_root_at_max_root_segments_stays_inside_the_value_ceiling ... ok

test result: ok. 16 passed; 0 failed; 0 ignored; 0 measured; 0 filtered out; finished in 0.01s

     Running tests/segmented_map_resolution.rs (target/debug/deps/segmented_map_resolution-7794482b8080dc47)

running 13 tests
test a_root_over_the_segment_ceiling_is_refused_before_any_range_read ... ok
test a_resolve_reads_only_its_own_root_and_its_own_group_range ... ok
test an_object_that_cannot_resolve_fails_closed_for_itself_alone ... ok
test a_delete_met_on_the_readers_last_attempt_is_no_such_object ... ok
test every_anomaly_on_a_generation_the_root_still_names_fails_closed ... ok
test an_over_ceiling_root_superseded_mid_read_restarts_onto_the_live_generation ... ok
test a_segment_value_at_exactly_the_ceiling_still_resolves ... ok
test a_generation_retired_mid_resolve_restarts_onto_the_live_root_or_reads_as_absent ... ok
test a_generation_retired_under_every_restart_is_a_typed_refusal_that_terminates ... ok
test chunks_are_ordered_by_the_parsed_index_not_by_page_order ... ok
test a_row_from_another_group_answered_inside_this_range_is_refused ... ok
test a_segmented_object_reads_byte_identical_to_its_flat_equivalent ... ok
test the_widest_admissible_root_still_sizes_no_page_and_reads_back_whole ... ok

test result: ok. 13 passed; 0 failed; 0 ignored; 0 measured; 0 filtered out; finished in 0.05s

     Running tests/stream_lease_lapse.rs (target/debug/deps/stream_lease_lapse-ebd96e002d27aba9)

running 5 tests
test commit_refuses_at_exact_lease_deadline ... ok
test present_but_expired_leases_refuse_at_commit_and_publish_nothing ... ok
test live_overwrite_still_commits_and_reads_back_the_new_version ... ok
test mid_upload_lapse_aborts_the_stream_and_publishes_nothing ... ok
test eof_window_lapse_refuses_at_commit_and_publishes_nothing ... ok

test result: ok. 5 passed; 0 failed; 0 ignored; 0 measured; 0 filtered out; finished in 0.01s

     Running tests/stream_lease_renewal.rs (target/debug/deps/stream_lease_renewal-729e24b79da871a2)

running 4 tests
test renewal_at_exact_deadline_aborts_the_upload ... ok
test create_commit_refuses_when_lease_swept ... ok
test create_commit_refuses_at_exact_lease_deadline ... ok
test slow_streaming_put_renews_in_flight_leases_before_commit ... ok

test result: ok. 4 passed; 0 failed; 0 ignored; 0 measured; 0 filtered out; finished in 0.01s

     Running tests/write_fanout.rs (target/debug/deps/write_fanout-e0fa07aa3ee6f87f)

running 2 tests
test full_fan_out_acks_every_fragment ... ok
test partial_fan_out_fails_closed ... ok

test result: ok. 2 passed; 0 failed; 0 ignored; 0 measured; 0 filtered out; finished in 0.04s

     Running unittests src/lib.rs (target/debug/deps/wyrd_custodian-8a5ff975b1b3d707)

running 0 tests

test result: ok. 0 passed; 0 failed; 0 ignored; 0 measured; 0 filtered out; finished in 0.00s

     Running tests/backfill.rs (target/debug/deps/backfill-307ef83058f30a4f)

running 5 tests
test malformed_placement_is_never_rewritten ... ok
test a_racing_writer_wins_the_cas_and_backfill_retries_on_a_later_pass ... ok
test already_explicit_full_length_placement_is_left_untouched ... ok
test backfill_preserves_object_metadata_while_filling_placement ... ok
test backfills_identity_placement_for_an_empty_placement_committed_chunk ... ok

test result: ok. 5 passed; 0 failed; 0 ignored; 0 measured; 0 filtered out; finished in 0.00s

     Running tests/backfill_telemetry.rs (target/debug/deps/backfill_telemetry-a7878f640f7c001c)

running 1 test
test emitted_remaining_count_reaches_zero_once_backfill_covers_the_store ... ok

test result: ok. 1 passed; 0 failed; 0 ignored; 0 measured; 0 filtered out; finished in 0.00s

     Running tests/gc.rs (target/debug/deps/gc-c0955f16ebd35cb0)

running 10 tests
test a_segmented_root_gc_cannot_resolve_blocks_certification_and_reclaims_nothing ... ok
test never_reclaims_a_referenced_fragment ... ok
test identity_fallback_none_empty_placement_protects_index0 ... ok
test malformed_placement_gc_treats_chunk_as_fully_referenced ... ok
test honours_the_reader_safe_grace_window ... ok
test identity_fallback_rs_6_3_empty_placement_protects_an_inner_index ... ok
test identity_fallback_rs_empty_placement_protects_index_above_zero ... ok
test short_placement_vector_fallback_protects_fallback_index ... ok
test short_placement_vector_rs_6_3_fallback_protects_fallback_index ... ok
test reclaims_expired_lease_byte_and_orphan_through_reconcile_step ... ok

test result: ok. 10 passed; 0 failed; 0 ignored; 0 measured; 0 filtered out; finished in 0.00s

     Running tests/gc_delete_backstop.rs (target/debug/deps/gc_delete_backstop-560cead1b73446f3)

running 2 tests
test overwrite_orphans_prior_fragments_reclaimed_by_gc_but_keeps_the_current ... ok
test delete_orphans_fragment_reclaimed_by_gc_from_the_placed_dserver ... ok

test result: ok. 2 passed; 0 failed; 0 ignored; 0 measured; 0 filtered out; finished in 0.00s

     Running tests/gc_telemetry.rs (target/debug/deps/gc_telemetry-99a687e132c78d46)

running 1 test
test emits_gc_actions_on_the_durability_seam ... ok

test result: ok. 1 passed; 0 failed; 0 ignored; 0 measured; 0 filtered out; finished in 0.00s

     Running tests/placement_ceiling.rs (target/debug/deps/placement_ceiling-6d5242e9bac39ed6)

running 5 tests
test a_move_that_cannot_reach_its_fragment_is_aborted_not_refused ... ok
test an_evacuation_that_would_cross_the_value_ceiling_does_not_certify_the_drain ... ok
test an_evacuation_landing_exactly_on_the_value_ceiling_still_commits ... ok
test a_ceiling_refused_repair_is_subtracted_from_the_reported_successes ... ok
test a_repair_that_would_cross_the_value_ceiling_is_refused_and_not_persisted ... ok

test result: ok. 5 passed; 0 failed; 0 ignored; 0 measured; 0 filtered out; finished in 0.06s

     Running tests/rebalance.rs (target/debug/deps/rebalance-1182eab2c7fc2a56)

running 10 tests
test evacuates_a_pre_m3_chunk_with_empty_placement_ec_none ... ok
test emits_per_failure_domain_utilization_on_the_durability_seam ... ok
test evacuation_preserves_object_metadata ... ok
test spread_wins_when_no_free_distinct_domain_remains ... ok
test a_racing_writer_loses_the_version_conditional_commit_and_leaves_only_garbage ... ok
test drains_a_d_server_and_evacuates_to_a_distinct_domain_through_reconcile_step ... ok
test malformed_placement_rebalance_skips_and_leaves_fragment_in_place ... ok
test evacuates_a_pre_m3_chunk_with_empty_placement_reed_solomon_index_gt_zero ... ok
test drains_a_d_server_and_evacuates_an_rs_6_3_chunk_to_a_distinct_domain ... ok
test evacuates_two_drained_servers_of_one_chunk_in_a_single_commit ... ok

test result: ok. 10 passed; 0 failed; 0 ignored; 0 measured; 0 filtered out; finished in 0.04s

     Running tests/reconstruction.rs (target/debug/deps/reconstruction-4b0f0769cf0aea0e)

running 15 tests
test repair_priority_rises_as_redundancy_falls ... ok
test a_transient_fault_is_not_turned_into_a_spurious_re_placement ... ok
test short_placement_is_malformed_reconstruction_skips_and_flags_needs_human ... ok
test none_scheme_malformed_placement_reconstruction_flags_needs_human ... ok
test under_replicated_gauge_excludes_unrepairable_data_loss_so_it_returns_to_zero ... ok
test under_replicated_gauge_excludes_malformed_so_it_returns_to_zero ... ok
test a_checksum_failing_fragment_is_excluded_and_reconstructed ... ok
test an_aborted_repair_is_not_counted_as_a_successful_repair ... ok
test reconstruction_preserves_object_metadata_across_a_repair ... ok
test emits_the_three_repair_metrics_on_the_durability_seam ... ok
test reads_around_a_wrapped_permanent_read_fault_on_a_placed_fragment ... ok
test reads_around_a_depth0_permanent_read_fault_on_a_placed_fragment ... ok
test kills_a_d_server_and_reconstructs_to_full_redundancy_through_reconcile_step ... ok
test kills_a_d_server_and_reconstructs_an_rs_6_3_chunk_to_full_redundancy ... ok
test reconstructs_a_pre_m3_chunk_with_empty_placement_to_a_full_length_record ... ok

test result: ok. 15 passed; 0 failed; 0 ignored; 0 measured; 0 filtered out; finished in 0.06s

     Running tests/restore_reconcile.rs (target/debug/deps/restore_reconcile-1fc7deec5b377505)

running 16 tests
test a_chunk_below_k_at_its_placement_is_misplaced_not_under_replicated ... ok
test an_in_flight_pending_chunk_is_left_to_gc ... ok
test a_referenced_fragment_is_never_marked ... ok
test a_stranded_fragment_is_marked_so_gc_can_finally_reclaim_it ... ok
test a_displaced_fragment_is_only_under_replicated_while_k_survive_at_the_placement ... ok
test re_running_does_not_reset_an_existing_grace_clock ... ok
test after_the_pass_gc_reclaims_the_stranded_fragment ... ok
test a_chunk_still_at_k_is_under_replicated_not_dangling ... ok
test a_chunk_below_k_surviving_fragments_is_reported_dangling ... ok
test the_only_copy_of_a_moved_fragment_is_never_marked ... ok
test an_object_committed_between_the_two_readings_is_never_marked ... ok
test without_the_pass_a_stranded_fragment_leaks_forever ... ok
test a_single_fragment_chunk_whose_bytes_moved_is_reported_misplaced_not_healthy ... ok
test a_stale_duplicate_is_marked_when_the_canonical_copy_survives ... ok
test every_unreadable_committed_record_is_named_and_stops_the_run_being_certified ... ok
test every_stray_is_marked_across_batch_boundaries_including_the_tail ... ok

test result: ok. 16 passed; 0 failed; 0 ignored; 0 measured; 0 filtered out; finished in 0.00s

     Running tests/scrub.rs (target/debug/deps/scrub-27a46c78e88f9e26)

running 13 tests
test walks_and_verifies_referenced_fragments_through_reconcile_step ... ok
test does_not_flag_an_in_flight_pending_writes_fragment_as_missing ... ok
test detects_a_missing_placed_fragment_and_enqueues_for_reconstruction ... ok
test short_placement_is_malformed_scrub_fails_safe ... ok
test detects_a_misplaced_intact_fragment_excludes_and_enqueues_for_reconstruction ... ok
test detects_corruption_in_a_full_rs_6_3_placement ... ok
test scrub_propagates_a_transient_get_fault_without_enqueuing ... ok
test detects_corruption_on_an_empty_placement_rs_chunk_above_index_zero ... ok
test an_unreadable_committed_map_blocks_certification_but_still_scrubs_the_rest ... ok
test detects_a_bitflip_excludes_and_enqueues_for_reconstruction ... ok
test detects_corruption_on_an_empty_placement_none_chunk ... ok
test emits_scrub_coverage_and_corruption_on_the_durability_seam ... ok
test fschunkstore_corruption_is_enqueued_and_the_pass_continues ... ok

test result: ok. 13 passed; 0 failed; 0 ignored; 0 measured; 0 filtered out; finished in 0.00s

     Running tests/segmented_map_backfill.rs (target/debug/deps/segmented_map_backfill-455c791a43078fd1)

running 5 tests
test a_fault_that_is_not_one_objects_map_still_ends_the_pass ... ok
test one_reading_of_the_namespace_per_pass ... ok
test a_fill_this_pass_may_not_perform_is_declined_not_mutated_and_does_not_certify ... ok
test a_healthy_segmented_object_no_longer_ends_the_pass_and_blocks_nothing ... ok
test an_unreadable_committed_object_is_named_the_walk_continues_and_nothing_certifies ... ok

test result: ok. 5 passed; 0 failed; 0 ignored; 0 measured; 0 filtered out; finished in 0.00s

     Running tests/segmented_map_consumers.rs (target/debug/deps/segmented_map_consumers-69196da5fba9ca1a)

running 8 tests
test a_genuine_store_fault_during_resolve_propagates_rather_than_being_absorbed ... ok
test a_structurally_unreadable_committed_root_is_contained_not_propagated ... ok
test two_blockers_whose_keys_are_not_utf8_are_each_attributed_under_their_own_name ... ok
test segmented_objects_fragments_survive_gc_and_scrub_and_a_drain_answers_pending ... ok
test a_blocked_loop_beside_a_converging_one_still_reports_the_blocked_answer ... ok
test one_damaged_object_does_not_end_the_walk_the_rest_of_the_store_is_still_handled ... ok
test one_unreadable_committed_inode_blocks_every_certifying_answer_and_reclaims_nothing ... ok
test a_root_rewritten_unreadable_under_the_resolve_is_contained_not_propagated ... ok

test result: ok. 8 passed; 0 failed; 0 ignored; 0 measured; 0 filtered out; finished in 0.00s

     Running tests/segmented_map_rebalance.rs (target/debug/deps/segmented_map_rebalance-cd9d6fa72b76e771)

running 5 tests
test a_healthy_segmented_object_owing_nothing_still_certifies_the_drain ... ok
test a_store_fault_under_the_resolve_still_ends_the_pass ... ok
test an_owed_segmented_evacuation_is_refused_once_and_mutates_nothing ... ok
test a_segmented_object_no_longer_ends_the_pass_and_the_flat_work_still_happens ... ok
test an_unreadable_committed_object_is_named_and_the_walk_continues ... ok

test result: ok. 5 passed; 0 failed; 0 ignored; 0 measured; 0 filtered out; finished in 0.00s

     Running tests/segmented_map_reconstruction.rs (target/debug/deps/segmented_map_reconstruction-4bbf71ddbd7f8c89)

running 6 tests
test an_empty_queue_reads_nothing_and_answers_satisfied ... ok
test a_store_fault_under_the_resolver_ends_the_pass_after_the_name_is_out ... ok
test an_obligation_inside_a_segmented_object_is_refused_never_discarded ... ok
test an_unreadable_object_is_named_and_the_pass_drains_nothing ... ok
test a_healthy_segmented_object_neither_ends_the_pass_nor_blocks_it ... ok
test the_committed_namespace_is_read_once_per_pass ... ok

test result: ok. 6 passed; 0 failed; 0 ignored; 0 measured; 0 filtered out; finished in 0.05s

     Running tests/segmented_map_restore.rs (target/debug/deps/segmented_map_restore-de3ce95745ac4141)

running 5 tests
test an_unreadable_object_is_contained_and_neither_surface_certifies_it ... ok
test a_segmented_object_no_longer_stops_the_post_restore_pass ... ok
test an_unreadable_object_does_not_starve_the_objects_the_pass_could_read ... ok
test a_record_already_known_unreadable_is_named_before_a_later_read_can_fail ... ok
test marks_and_report_rest_on_one_reading ... ok

test result: ok. 5 passed; 0 failed; 0 ignored; 0 measured; 0 filtered out; finished in 0.00s

     Running tests/skeleton.rs (target/debug/deps/skeleton-20e0a14c72ee93cb)

running 3 tests
test selector_places_distinct_domains_and_refuses_when_too_few ... ok
test elected_leader_is_fenced_and_deposed_leader_rejected ... ok
test exporter_emits_first_metric_over_dual_surface ... ok

test result: ok. 3 passed; 0 failed; 0 ignored; 0 measured; 0 filtered out; finished in 0.00s

     Running tests/tier1_disk_faults.rs (target/debug/deps/tier1_disk_faults-45883b5758f9cbca)

running 1 test
test disk_fault_drives_custodian_to_full_redundancy_with_no_read_errors ... ignored, Tier-1: needs root + device-mapper — run via cargo xtask disk-faults

test result: ok. 0 passed; 0 failed; 1 ignored; 0 measured; 0 filtered out; finished in 0.00s

     Running unittests src/lib.rs (target/debug/deps/wyrd_gateway_core-dadaae5c7e0c481a)

running 0 tests

test result: ok. 0 passed; 0 failed; 0 ignored; 0 measured; 0 filtered out; finished in 0.00s

     Running unittests src/lib.rs (target/debug/deps/wyrd_gateway_s3-caa7ddd60e5f819a)

running 76 tests
test checksum::tests::base64_decode_matches_aws_crc32c_trailer_example ... ok
test checksum::tests::base64_decode_rejects_non_canonical_encodings ... ok
test checksum::tests::base64_decode_rejects_malformed_input ... ok
test checksum::tests::crc32_ieee_matches_a_second_known_answer ... ok
test checksum::tests::base64_decode_rfc4648_vectors ... ok
test checksum::tests::base64_encode_rfc4648_vectors_round_trip ... ok
test checksum::tests::crc32_ieee_check_value ... ok
test crypto::tests::constant_time_eq_matches_only_identical ... ok
test checksum::tests::crc32_running_matches_split_points ... ok
test crypto::tests::hmac_sha256_rfc4231_case2 ... ok
test crypto::tests::sha256_known_answers ... ok
test crypto::tests::hmac_sha256_rfc4231_case4 ... ok
test request_id::tests::the_rendering_is_canonical_32_char_hex ... ok
test request_id::tests::two_gateways_draw_disjoint_ranges ... ok
test sigv4::tests::amz_date_round_trips_through_unix_seconds ... ok
test sigv4::tests::parse_authorization_rejects_wrong_scheme ... ok
test sigv4::tests::canonical_query_encodes_and_sorts ... ok
test sigv4::tests::trim_all_folds_internal_whitespace_but_keeps_quoted ... ok
test sigv4::tests::uri_encode_follows_rfc3986 ... ok
test sigv4::tests::sigv4_aws_docs_example_sorts_query ... ok
test crypto::tests::incremental_matches_one_shot ... ok
test sigv4::tests::sigv4_get_vanilla_known_answer ... ok
test sigv4::tests::verify_rejects_a_stale_signature ... ok
test sigv4::tests::verify_classifies_aws_chunked_streaming_payload ... ok
test sigv4::tests::verify_rejects_an_unverifiable_trailer_declaration ... ok
test tests::a_contents_row_omits_last_modified_when_the_store_never_recorded_one ... ok
test tests::a_contents_row_omits_unpresentable_recorded_metadata ... ok
test streaming::tests::an_oversized_chunk_header_is_refused_on_the_declared_size ... ok
test streaming::tests::garbage_after_the_trailer_block_is_refused ... ok
test streaming::tests::a_non_base64_trailer_checksum_is_refused ... ok
test streaming::tests::a_decoded_content_length_mismatch_is_refused ... ok
test streaming::tests::a_tampered_chunk_is_refused_fail_closed ... ok
test streaming::tests::a_signed_trailer_whose_signature_does_not_verify_is_refused_fail_closed ... ok
test tests::a_wildcard_validator_matches_object_existence_not_stored_etag_presence ... ok
test streaming::tests::a_malformed_chunk_header_is_refused ... ok
test streaming::tests::a_tampered_trailer_checksum_is_refused_fail_closed ... ok
test tests::bucket_scoped_path_names_buckets_and_rejects_empty_segments ... ok
test streaming::tests::an_undeclared_trailer_name_is_refused ... ok
test tests::content_type_header_falls_back_when_the_stored_value_is_not_a_valid_header ... ok
test tests::op_label_attributes_bulk_delete_to_the_delete_series ... ok
test tests::percent_decode_recovers_the_true_key ... ok
test tests::etag_header_renders_only_well_formed_entity_tags ... ok
test request_id::tests::ids_never_repeat_within_a_process ... ok
test sigv4::tests::verify_admits_the_trailer_sentinels_with_a_declared_trailer ... ok
test tests::rfc850_two_digit_years_resolve_relative_to_the_clock ... ok
test tests::an_undetermined_commit_is_recorded_with_its_may_still_commit_flag ... ok
test tests::an_unrecognised_backend_error_is_recorded_with_its_whole_cause_chain ... ok
test tests::split_bucket_key_parses_object_paths ... ok
test tests::the_recognised_error_classes_keep_their_s3_codes ... ok
test tests::xml_escape_neutralises_markup_injection ... ok
test tests::unsupported_subresource_flags_multipart_and_subresource_forms ... ok
test tests::the_failure_record_carries_the_request_id_even_when_info_spans_are_filtered_out ... ok
test tests::a_client_error_is_not_recorded_on_the_error_plane ... ok
test streaming::tests::aws_published_trailing_headers_example ... ok
test tests::an_unrenderable_stored_modified_omits_last_modified_instead_of_malforming_it ... ok
test tests::a_client_error_is_still_recorded_at_warn_with_its_request_id ... ok
test streaming::tests::an_oversized_trailer_line_with_its_crlf_already_buffered_is_refused ... ok
test tests::ranged_206_is_framed_from_the_range_seam_not_a_separate_head_resolve ... ok
test tests::the_id_handed_to_the_client_selects_a_server_side_row_even_when_refused ... ok
test tests::a_malformed_stored_content_type_degrades_the_get_instead_of_panicking ... ok
test tests::the_access_line_carries_the_request_id_under_a_target_scoped_filter ... ok
test tests::an_unrenderable_committed_etag_degrades_the_put_instead_of_panicking ... ok
test sigv4::tests::verify_rejects_unsupported_content_sha256_sentinels ... ok
test streaming::tests::aws_published_streaming_example ... ok
test tests::the_access_row_reports_the_observed_transfer_not_the_status_line ... ok
test tests::conditionals_are_judged_against_the_served_version_not_a_stale_head ... ok
test tests::a_bodyless_response_is_recorded_complete_not_aborted ... ok
test tests::a_non_overriding_gateway_serves_ranges_via_the_correctness_preserving_default ... ok
test streaming::tests::trailer_lines_exceeding_the_bound_in_aggregate_are_refused ... ok
test streaming::tests::decodes_a_signed_trailer_body_with_a_valid_trailer_signature ... ok
test tests::a_malformed_stored_etag_degrades_the_get_instead_of_panicking ... ok
test tests::wildcard_conditionals_fire_on_etag_less_legacy_records ... ok
test streaming::tests::decodes_an_unsigned_trailer_body_and_validates_the_checksum ... ok
test streaming::tests::decodes_a_signed_chunked_body_byte_identically ... ok
test streaming::tests::a_coalesced_frame_larger_than_the_buffer_bound_still_decodes ... ok
test streaming::tests::an_endless_header_line_is_refused_at_the_buffer_bound ... ok

test result: ok. 76 passed; 0 failed; 0 ignored; 0 measured; 0 filtered out; finished in 1.60s

     Running unittests src/lib.rs (target/debug/deps/wyrd_metadata_conformance-ef0fc2658f3d2c73)

running 2 tests
test rendering_tests::every_byte_is_rendered_reversibly_and_distinctly ... ok
test rendering_tests::pairs_render_as_key_equals_value ... ok

test result: ok. 2 passed; 0 failed; 0 ignored; 0 measured; 0 filtered out; finished in 0.00s

     Running tests/demonstrated_red.rs (target/debug/deps/demonstrated_red-94c6f670c1e0a525)

running 10 tests
test ignores_require_on_delete_store_fails_rename_race - should panic ... ok
test leaky_scan_index_store_fails_scan_is_consistent_cut - should panic ... ok
test lying_commit_store_fails_blind_batch_is_never_conflict - should panic ... ok
test ignores_require_on_delete_store_passes_existing_sequential_contracts ... ok
test lying_commit_store_passes_every_other_contract ... ok
test leaky_scan_index_store_passes_existing_sequential_contracts ... ok
test stale_cache_store_fails_read_after_commit - should panic ... ok
test race_conflating_store_fails_blind_batch_is_never_conflict - should panic ... ok
test stale_cache_store_passes_existing_sequential_contracts ... ok
test race_conflating_store_passes_every_other_contract ... ok

test result: ok. 10 passed; 0 failed; 0 ignored; 0 measured; 0 filtered out; finished in 0.00s

     Running tests/scan_page_demonstrated_red.rs (target/debug/deps/scan_page_demonstrated_red-9b1995b873b98d81)

running 31 tests
test a_scan_backed_page_fails_the_cap_escape_clause - should panic ... ok
test bad_successor_store_fails_the_exclusive_cursor_clause - should panic ... ok
test early_none_store_passes_existing_sequential_contracts ... ok
test a_faithful_paged_store_passes_every_new_clause ... ok
test inverted_range_store_fails_the_exclusive_cursor_clause - should panic ... ok
test inclusive_cursor_store_passes_existing_sequential_contracts ... ok
test inclusive_cursor_store_fails_the_exclusive_cursor_clause - should panic ... ok
test early_none_store_fails_the_termination_clause - should panic ... ok
test bad_successor_store_fails_the_order_clause_one_key_per_page - should panic ... ok
test keys_only_store_passes_every_clause_that_never_reads_a_value ... ok
test keys_only_store_fails_the_no_skip_clause_on_its_values - should panic ... ok
test naive_lower_bound_store_fails_the_exclusive_cursor_clause - should panic ... ok
test bad_successor_store_passes_every_clause_whose_boundary_never_lands_on_a_prefix ... ok
test offset_paging_store_fails_the_no_skip_clause - should panic ... ok
test inverted_range_store_passes_every_clause_that_never_passes_a_high_cursor ... ok
test offset_paging_store_passes_existing_sequential_contracts ... ok
test keys_only_store_fails_the_order_clause_on_its_values - should panic ... ok
test recent_write_leak_store_fails_the_no_skip_clause - should panic ... ok
test stopped_fill_store_fails_the_termination_clause - should panic ... ok
test stopped_fill_store_passes_existing_sequential_contracts ... ok
test offset_paging_store_passes_the_static_population_clauses ... ok
test stopped_fill_store_fails_the_cap_escape_clause - should panic ... ok
test a_short_paging_store_passes_every_new_clause_too ... ok
test stopped_fill_store_fails_the_page_bound_clause - should panic ... ok
test string_ordered_store_passes_existing_sequential_contracts ... ok
test recent_write_leak_store_passes_every_clause_on_a_static_population ... ok
test naive_lower_bound_store_passes_every_clause_that_never_passes_a_low_cursor ... ok
test zero_cap_unbounded_store_fails_the_zero_page_bound_clause - should panic ... ok
test string_ordered_store_fails_the_order_clause - should panic ... ok
test the_shared_test_double_body_satisfies_every_other_clause ... ok
test zero_cap_unbounded_store_passes_every_clause_at_a_positive_cap ... ok

test result: ok. 31 passed; 0 failed; 0 ignored; 0 measured; 0 filtered out; finished in 0.00s

     Running unittests src/lib.rs (target/debug/deps/wyrd_metadata_fault_conformance-ff7b6c23f1202601)

running 0 tests

test result: ok. 0 passed; 0 failed; 0 ignored; 0 measured; 0 filtered out; finished in 0.00s

     Running tests/nemesis_oracles.rs (target/debug/deps/nemesis_oracles-069cd9f4c08e6d72)

running 14 tests
test drive_leg_fails_an_incomplete_heal ... ok
test drive_leg_runs_the_workload_and_returns_it_on_the_happy_path ... ok
test drive_leg_heals_before_re_raising_a_panicking_workload ... ok
test drive_leg_refuses_the_workload_when_the_fault_did_not_materialize ... ok
test drive_leg_surfaces_a_leaked_heal_on_the_un_materialized_early_path ... ok
test partition_oracle_needs_a_reachability_flip_while_the_target_stays_running ... ok
test pause_oracle_needs_serve_then_frozen_paused_not_a_single_probe ... ok
test skew_oracle_clears_a_nonzero_floor_by_magnitude_forward_or_back ... ok
test drive_leg_heals_when_apply_fails_and_never_runs_the_workload ... ok
test drive_leg_surfaces_a_leaked_fault_even_when_the_workload_panics ... ok
test parse_helpers_read_the_live_impls_observations ... ok
test drive_leg_surfaces_a_leaked_heal_when_apply_fails ... ok
test the_nemesis_exposes_exactly_the_three_fault_classes ... ok
test skew_recovery_gate_needs_available_healthy_and_fully_recovered_not_merely_available ... ok

test result: ok. 14 passed; 0 failed; 0 ignored; 0 measured; 0 filtered out; finished in 0.00s

     Running unittests src/lib.rs (target/debug/deps/wyrd_metadata_fdb-110007d148d07e0f)

running 29 tests
test classify::tests::a_blind_batch_is_never_a_conflict ... ok
test classify::tests::a_timed_out_commit_is_an_unknown_result_for_every_batch ... ok
test classify::tests::a_conditional_batch_that_loses_a_race_is_a_conflict ... ok
test classify::tests::commit_unknown_result_is_distinguishable_for_every_batch ... ok
test classify::tests::any_other_error_is_a_fault_for_every_batch ... ok
test classify::tests::unknown_result_error_is_operator_visible ... ok
test classify::tests::only_a_timeout_may_still_commit_after_the_error ... ok
test config::tests::a_negative_timeout_does_not_disable_the_timeout ... ok
test config::tests::an_absent_or_blank_external_client_dir_is_none ... ok
test config::tests::an_absent_or_blank_value_falls_back_to_the_package_default ... ok
test config::tests::an_absent_or_unparsable_timeout_falls_back_to_the_default ... ok
test config::tests::an_explicit_cluster_file_wins ... ok
test config::tests::an_explicit_external_client_dir_wins ... ok
test config::tests::an_explicit_transaction_timeout_wins ... ok
test config::tests::zero_does_not_disable_the_timeout ... ok
test keyspace::tests::logical_rejects_a_foreign_key ... ok
test keyspace::tests::physical_and_logical_round_trip ... ok
test keyspace::tests::prefix_upper_bound_carries_over_trailing_0xff ... ok
test keyspace::tests::prefix_upper_bound_is_the_exclusive_end_of_the_prefix_range ... ok
test keyspace::tests::the_unbounded_scan_stops_before_the_system_keyspace ... ok
test paging::tests::a_page_under_the_cap_continues ... ok
test paging::tests::exactly_the_cap_is_a_legal_complete_result ... ok
test paging::tests::one_key_past_the_cap_fails_loud ... ok
test paging::tests::the_cap_error_is_operator_visible ... ok
test paging::tests::the_cap_matches_the_sibling_backend ... ok
test preflight::tests::a_healthy_connected_client_is_ready ... ok
test preflight::tests::a_status_that_only_arrives_at_the_deadline_is_not_trusted ... ok
test preflight::tests::no_status_at_all_is_unreachable_not_a_guess ... ok
test preflight::tests::ready_message_names_no_version_at_all ... ok

test result: ok. 29 passed; 0 failed; 0 ignored; 0 measured; 0 filtered out; finished in 0.00s

     Running tests/conformance.rs (target/debug/deps/conformance-f3779e22c8271780)

running 2 tests
test connect_probes_the_real_cluster_from_inside_a_runtime ... ok
test trait_contract_against_fdb ... ok

test result: ok. 2 passed; 0 failed; 0 ignored; 0 measured; 0 filtered out; finished in 0.00s

     Running tests/contention.rs (target/debug/deps/contention-ead5c568e3983c11)

running 3 tests
test blind_batch_commit_error_surfaces_as_err_never_conflict ... ok
test conditional_race_loser_yields_conflict ... ok
test blind_write_race_never_reports_conflict ... ok

test result: ok. 3 passed; 0 failed; 0 ignored; 0 measured; 0 filtered out; finished in 0.00s

     Running tests/preflight.rs (target/debug/deps/preflight-d76d32c89d935780)

running 6 tests
test healthy_fixture_is_ready ... ok
test skew_fixture_is_version_skew ... ok
test an_ambiguous_status_degrades_to_unreachable_never_a_guessed_skew ... ok
test unreachable_fixture_is_unreachable ... ok
test unreachable_message_does_not_claim_version_skew ... ok
test version_skew_message_names_the_cluster_protocol_and_the_upgrade_path ... ok

test result: ok. 6 passed; 0 failed; 0 ignored; 0 measured; 0 filtered out; finished in 0.00s

     Running tests/scan.rs (target/debug/deps/scan-5772848f8bf9899d)

running 4 tests
test a_scan_page_that_spans_several_reply_chunks_fills_and_resumes ... ok
test a_scan_past_the_cap_fails_loud_and_returns_no_partial_results ... ok
test a_scan_page_walk_escapes_a_cap_its_scan_fails_loud_on ... ok
test paged_prefix_scan_returns_the_complete_set_at_scale ... ok

test result: ok. 4 passed; 0 failed; 0 ignored; 0 measured; 0 filtered out; finished in 0.00s

     Running tests/tier1_contention.rs (target/debug/deps/tier1_contention-3913d855c23af26e)

running 1 test
test contention_battery_against_fdb ... ignored, privileged Tier-1: needs a live FDB cluster (cargo xtask fdb-metadata-tier1)

test result: ok. 0 passed; 0 failed; 1 ignored; 0 measured; 0 filtered out; finished in 0.00s

     Running tests/tier1_kill_mid_commit.rs (target/debug/deps/tier1_kill_mid_commit-c363b1871e8739c2)

running 1 test
test a_commit_interrupted_by_a_killed_fdbserver_is_never_a_phantom_conflict_and_never_tears ... ignored, privileged Tier-1: needs a live 3-process FDB cluster (cargo xtask fdb-metadata-tier1)

test result: ok. 0 passed; 0 failed; 1 ignored; 0 measured; 0 filtered out; finished in 0.00s

     Running tests/tier1_metadata_consistency.rs (target/debug/deps/tier1_metadata_consistency-ee0c673a6bcdae2d)

running 1 test
test tier1_metadata_consistency_under_an_fdb_cluster_fault ... ignored, privileged Tier-1: needs a live 3-process FDB cluster (cargo xtask fdb-metadata-tier1)

test result: ok. 0 passed; 0 failed; 1 ignored; 0 measured; 0 filtered out; finished in 0.00s

     Running tests/tier1_metadata_nemesis.rs (target/debug/deps/tier1_metadata_nemesis-3f35e8d21245675f)

running 3 tests
test nemesis_metadata_under_clock_skew ... ignored, privileged Tier-1: live 3-process FDB cluster + libfaketime (cargo xtask metadata-nemesis)
test nemesis_metadata_under_network_partition ... ignored, privileged Tier-1: live 3-process FDB cluster + in-netns iptables (cargo xtask metadata-nemesis)
test nemesis_metadata_under_process_pause ... ignored, privileged Tier-1: live 3-process FDB cluster + docker pause (cargo xtask metadata-nemesis)

test result: ok. 0 passed; 0 failed; 3 ignored; 0 measured; 0 filtered out; finished in 0.00s

     Running tests/timeout.rs (target/debug/deps/timeout-0a2d827c2ac8d2a4)

running 4 tests
test a_blind_commit_that_times_out_is_an_unknown_result ... ok
test get_against_an_unreachable_cluster_fails_rather_than_hanging ... ok
test a_conditional_commit_that_times_out_is_never_a_conflict ... ok
test preflight_against_an_unreachable_cluster_is_err_not_a_panic ... ok

test result: ok. 4 passed; 0 failed; 0 ignored; 0 measured; 0 filtered out; finished in 0.00s

     Running unittests src/lib.rs (target/debug/deps/wyrd_metadata_redb-aa4658b49140304d)

running 3 tests
test error_class_tests::a_native_redb_fault_classifies_terminal ... ok
test error_class_tests::a_zero_page_bound_classifies_terminal ... ok
test error_class_tests::a_scan_cap_breach_classifies_terminal ... ok

test result: ok. 3 passed; 0 failed; 0 ignored; 0 measured; 0 filtered out; finished in 0.00s

     Running tests/conformance.rs (target/debug/deps/conformance-066532596d5b0b3d)

running 6 tests
test create_writes_inode_and_dirent_atomically ... ok
test rename_is_one_dirent_mutation ... ok
test pending_ledger_written_and_cleared ... ok
test trait_contract_with_a_lowered_scan_cap ... ok
test trait_contract ... ok
test version_cas_rejects_a_stale_writer ... ok

test result: ok. 6 passed; 0 failed; 0 ignored; 0 measured; 0 filtered out; finished in 0.39s

     Running tests/scan.rs (target/debug/deps/scan-f089b140fdfd159f)

running 4 tests
test a_scan_past_the_cap_fails_loud_and_returns_no_partial_results ... ok
test a_scan_of_exactly_the_cap_is_a_legal_complete_result ... ok
test a_scan_under_the_cap_still_returns_the_complete_set ... ok
test the_cap_cannot_be_raised ... ok

test result: ok. 4 passed; 0 failed; 0 ignored; 0 measured; 0 filtered out; finished in 0.01s

     Running tests/scan_page.rs (target/debug/deps/scan_page-0aa8d2a3273d9fb0)

running 10 tests
test the_cursor_advances_on_every_non_terminal_page ... ok
test a_cursor_past_the_prefix_is_an_empty_terminal_page_never_an_error ... ok
test a_population_scan_refuses_whole_is_still_walkable_page_by_page ... ok
test a_zero_limit_is_refused_with_the_seam_error ... ok
test a_store_whose_cap_is_zero_refuses_every_page_and_never_reads_unbounded ... ok
test every_page_of_an_over_cap_walk_stays_inside_the_cap ... ok
test a_page_is_bounded_by_the_callers_limit ... ok
test a_cursor_below_the_prefix_starts_the_page_at_the_prefix ... ok
test a_limit_above_the_cap_is_clamped_never_refused ... ok
test redb_honours_the_shared_scan_page_clauses ... ok

test result: ok. 10 passed; 0 failed; 0 ignored; 0 measured; 0 filtered out; finished in 0.02s

     Running unittests src/lib.rs (target/debug/deps/wyrd_metadata_tikv-e3533c8152ef4b04)

running 21 tests
test deadline::tests::an_abandoned_operation_classifies_transient_at_the_seam ... ok
test deadline::tests::a_definite_failure_is_still_transient_and_never_an_unknown_result ... ok
test deadline::tests::an_explicit_deadline_wins ... ok
test deadline::tests::the_typed_error_stays_the_top_level_error_a_caller_downcasts ... ok
test keyspace::tests::prefix_upper_bound_carries_over_trailing_0xff ... ok
test keyspace::tests::physical_and_logical_round_trip ... ok
test deadline::tests::the_deadline_cannot_be_switched_off ... ok
test deadline::tests::an_absent_blank_or_unparsable_value_falls_back_to_the_default ... ok
test deadline::tests::the_timeout_error_tells_an_operator_nothing_was_written ... ok
test paging::tests::a_chunk_asks_for_what_the_page_still_needs_bounded_by_one_round_trip ... ok
test paging::tests::a_full_page_continues_past_its_last_key ... ok
test paging::tests::a_breach_of_the_cap_fails_loud_never_truncates ... ok
test paging::tests::a_full_page_stops_the_fill_loop_and_a_short_chunk_means_exhausted ... ok
test keyspace::tests::logical_rejects_a_foreign_key ... ok
test paging::tests::a_short_page_ends_the_scan_complete ... ok
test keyspace::tests::prefix_upper_bound_is_the_exclusive_end_of_the_prefix_range ... ok
test paging::tests::cap_is_checked_before_termination ... ok
test paging::tests::next_page_start_is_the_smallest_key_strictly_after_the_last ... ok
test paging::tests::next_page_start_never_steps_over_a_key_that_extends_the_cursor ... ok
test paging::tests::the_fill_loop_stops_on_the_same_rule_the_seam_emits_a_cursor_from ... ok
test paging::tests::scan_cap_exceeded_error_is_operator_visible ... ok

test result: ok. 21 passed; 0 failed; 0 ignored; 0 measured; 0 filtered out; finished in 0.00s

     Running tests/conformance.rs (target/debug/deps/conformance-b7487240ce5e88c9)

running 1 test
test trait_contract_against_tikv ... ok

test result: ok. 1 passed; 0 failed; 0 ignored; 0 measured; 0 filtered out; finished in 0.00s

     Running tests/contention.rs (target/debug/deps/contention-fb1927307db98921)

running 3 tests
test blind_write_race_never_reports_conflict ... ok
test write_write_race_exactly_one_winner ... ok
test require_absent_race ... ok

test result: ok. 3 passed; 0 failed; 0 ignored; 0 measured; 0 filtered out; finished in 0.00s

     Running tests/deadline.rs (target/debug/deps/deadline-0e8bd847929477f8)

running 1 test
test a_deadline_that_fires_mid_operation_returns_an_error_and_does_not_abort_the_process ... ok

test result: ok. 1 passed; 0 failed; 0 ignored; 0 measured; 0 filtered out; finished in 0.00s

     Running tests/scan.rs (target/debug/deps/scan-b3f9a3d0b6fd82c6)

running 2 tests
test a_scan_page_that_spans_several_internal_chunks_fills_and_resumes ... ok
test paged_prefix_scan_returns_the_complete_set_at_scale ... ok

test result: ok. 2 passed; 0 failed; 0 ignored; 0 measured; 0 filtered out; finished in 0.00s

     Running tests/tier1_metadata_consistency.rs (target/debug/deps/tier1_metadata_consistency-efbb0bfcedcc5609)

running 1 test
test tier1_metadata_consistency_over_the_swap ... ignored, privileged Tier-1: needs a live ≥3-replica TiKV cluster (WYRD_TIER1 job)

test result: ok. 0 passed; 0 failed; 1 ignored; 0 measured; 0 filtered out; finished in 0.00s

     Running tests/tier2_metadata_io.rs (target/debug/deps/tier2_metadata_io-c77805478c2dbd2b)

running 1 test
test tier2_metadata_real_single_node_io ... ignored, privileged Tier-2: needs a real single-node TiKV on one machine (WYRD_TIER2 job)

test result: ok. 0 passed; 0 failed; 1 ignored; 0 measured; 0 filtered out; finished in 0.00s

     Running unittests src/lib.rs (target/debug/deps/wyrd_proto-86e4f92ddd519859)

running 0 tests

test result: ok. 0 passed; 0 failed; 0 ignored; 0 measured; 0 filtered out; finished in 0.00s

     Running tests/stubs.rs (target/debug/deps/stubs-d9b862786c120cf5)

running 2 tests
test requests_are_fragment_addressed ... ok
test both_client_and_server_stubs_are_generated ... ok

test result: ok. 2 passed; 0 failed; 0 ignored; 0 measured; 0 filtered out; finished in 0.00s

     Running unittests src/lib.rs (target/debug/deps/wyrd_server-c2e8919363b1a8b7)

running 41 tests
test cli::tests::an_ephemeral_probe_port_refuses_at_parse ... ok
test cli::tests::a_probe_data_address_collision_refuses_at_parse ... ok
test cli::tests::chunk_id_minter_packs_inode_in_the_high_bits ... ok
test cli::tests::default_chunk_size_is_one_mib ... ok
test cli::tests::parse_endpoints_splits_trims_and_rejects_empty ... ok
test cli::tests::dual_stack_overlap_risk_fires_only_for_the_v6_wildcard_cross_family ... ok
test cli::tests::parse_durability_maps_each_form ... ok
test cli::tests::parsed_args_consumes_flag_value_pairs ... ok
test cli::tests::scoped_ipv6_binds_collide_only_within_one_scope ... ok
test cli::tests::require_aligned_topology_rejects_missing_or_mismatched_lists ... ok
test cli::tests::the_default_health_bind_follows_the_data_bind_interface ... ok
test cli::tests::restore_needs_human_agrees_with_every_paragraph_it_prints ... ok
test cli::tests::wildcard_probe_data_overlaps_refuse_and_distinct_ips_coexist ... ok
test cli::tests::the_restore_one_shot_is_valueless_but_value_flags_still_demand_a_value ... ok
test consistency_observable::tests::a_regressing_version_is_not_monotone ... ok
test consistency_observable::tests::a_body_shorter_than_its_declared_content_length_is_an_error_never_a_prefix_read ... ok
test cli::tests::restore_verdict_names_the_blocking_records_and_counts_the_ones_it_cannot_fit ... ok
test consistency_observable::tests::a_torn_response_is_an_error_never_a_panic ... ok
test consistency_observable::tests::a_wellformed_response_still_parses ... ok
test consistency_observable::tests::an_op_with_a_reversed_span_is_not_well_formed ... ok
test consistency_observable::tests::an_indeterminate_write_is_not_counted_as_an_observed_version ... ok
test consistency_observable::tests::decode_rejects_a_torn_value ... ok
test consistency_observable::tests::a_torn_chunked_body_is_an_error_never_a_panic ... ok
test cli::tests::a_flag_without_a_value_fails_logging_setup_on_every_subcommand ... ok
test consistency_observable::tests::empty_history_is_not_well_formed ... ok
test consistency_observable::tests::encode_decode_round_trips ... ok
test consistency_workload::tests::cross_key_read_write_overlap_is_not_genuine_concurrency ... ok
test consistency_workload::tests::indeterminate_predicate_flags_5xx_and_synthetic_zero ... ok
test consistency_workload::tests::indeterminate_put_is_info_not_ok ... ok
test consistency_workload::tests::membership_never_fabricates_absence ... ok
test consistency_workload::tests::verdict_routes_off_check_by_default ... ok
test logging::tests::a_malformed_rust_log_directive_is_rejected ... ok
test logging::tests::an_invalid_format_is_rejected ... ok
test logging::tests::a_valid_or_absent_rust_log_directive_is_accepted ... ok
test logging::tests::an_invalid_level_is_rejected_not_ignored ... ok
test logging::tests::an_explicit_level_admits_debug ... ok
test logging::tests::a_structured_event_reaches_the_sink_as_json_with_its_fields ... ok
test tests::default_chunk_size_is_one_mib ... ok
test logging::tests::the_text_format_writes_prose_not_json ... ok
test dserver::tests::id_reports_the_configured_identity ... ok
test logging::tests::the_default_level_drops_debug_and_keeps_info ... ok

test result: ok. 41 passed; 0 failed; 0 ignored; 0 measured; 0 filtered out; finished in 0.00s

     Running unittests src/main.rs (target/debug/deps/wyrd-2747fa7da53f2c63)

running 0 tests

test result: ok. 0 passed; 0 failed; 0 ignored; 0 measured; 0 filtered out; finished in 0.00s

     Running tests/advertise_addr_registration.rs (target/debug/deps/advertise_addr_registration-03ddf70d3527dc2a)

running 2 tests
test no_advertise_addr_keeps_the_bound_address_endpoint ... ok
test advertise_addr_overrides_the_registered_endpoint ... ok

test result: ok. 2 passed; 0 failed; 0 ignored; 0 measured; 0 filtered out; finished in 0.00s

     Running tests/backend_selection.rs (target/debug/deps/backend_selection-0cb7eb3f04b2681f)

running 3 tests
test coordination_backend_selects_by_config ... ok
test alloc_inode_is_bounded_against_a_perpetual_conflict_store ... ok
test redb_backend_selected_by_config_and_alloc_inode_roundtrips ... ok

test result: ok. 3 passed; 0 failed; 0 ignored; 0 measured; 0 filtered out; finished in 0.00s

     Running tests/cli_roundtrip.rs (target/debug/deps/cli_roundtrip-f6825e759a753e44)

running 5 tests
test no_subcommand_prints_usage_and_exits_two ... ok
test demo_exits_zero ... ok
test get_of_a_missing_key_exits_nonzero ... ok
test re_putting_an_existing_key_exits_nonzero ... ok
test put_then_get_round_trips_across_separate_invocations ... ok

test result: ok. 5 passed; 0 failed; 0 ignored; 0 measured; 0 filtered out; finished in 0.49s

     Running tests/closed_write_path.rs (target/debug/deps/closed_write_path-d8ba2c40df53e42d)

running 1 test
test a_gateway_written_object_is_a_custodian_derived_repair_obligation_and_round_trips ... ok

test result: ok. 1 passed; 0 failed; 0 ignored; 0 measured; 0 filtered out; finished in 0.54s

     Running tests/consistency_observable.rs (target/debug/deps/consistency_observable-0379c7724ea573ee)

running 4 tests
test a_peer_that_closes_without_a_complete_response_records_the_op_as_indeterminate ... ok
test a_body_cut_mid_transfer_records_an_indeterminate_read_not_a_prefix_version ... ok
test a_transport_failure_records_the_op_as_indeterminate_rather_than_omitting_it ... ok
test observable_records_a_nonvacuous_wellformed_register_history ... ok

test result: ok. 4 passed; 0 failed; 0 ignored; 0 measured; 0 filtered out; finished in 0.07s

     Running tests/consistency_run_fdb.rs (target/debug/deps/consistency_run_fdb-01f08e5b9102c39b)

running 1 test
test consistency_run_fdb ... ignored, privileged #408: live 3-process FDB cluster + a #407 nemesis leg (cargo xtask consistency-run)

test result: ok. 0 passed; 0 failed; 1 ignored; 0 measured; 0 filtered out; finished in 0.00s

     Running tests/consistency_workload.rs (target/debug/deps/consistency_workload-c805ab37100c7114)

running 18 tests
test concurrency_witness_counts_only_same_key_read_write_overlaps ... ok
test an_unresolved_probe_degrades_the_composed_read_to_info_rather_than_omitting_the_member ... ok
test a_fully_resolved_sweep_composes_a_definite_read_that_still_exposes_a_lost_element ... ok
test a_shared_delete_pool_key_with_version_bands_would_fabricate_a_violation ... ok
test reads_monotone_per_key_is_global_and_guards_indeterminate ... ok
test register_serializer_tags_each_op_with_its_key_inside_the_micro_op ... ok
test register_serializer_emits_byte_exact_rw_register_txn_edn_with_info_for_indeterminate ... ok
test register_serializer_panics_on_a_delete_never_fabricating_a_representation - should panic ... ok
test session_monotonic_reads_guard_indeterminate_and_reject_determinate_regression ... ok
test directory_serializer_emits_set_model_add_and_composed_read_with_integer_elements ... ok
test delete_pool_keys_are_single_writer_per_key_so_version_tags_track_commit_order ... ok
test membership_derivation_never_coerces_unknown_to_absent ... ok
test session_read_your_writes_is_cross_process_aware ... ok
test verdict_dispatch_routes_to_off_check_elle_by_default ... ok
test session_read_your_writes_guards_indeterminate_on_every_arm ... ok
test reads_monotone_ignores_overlapping_reads ... ok
test directory_op_count_counts_the_composed_read_once_not_every_probe ... ok
test concurrent_workload_records_a_nonvacuous_genuinely_concurrent_history ... ok

test result: ok. 18 passed; 0 failed; 0 ignored; 0 measured; 0 filtered out; finished in 0.13s

     Running tests/custodian_day_one.rs (target/debug/deps/custodian_day_one-cb5b5cc3f9dd56e2)

running 15 tests
test a_malformed_log_level_still_fails_the_process_loudly ... ok
test run_loop_stops_when_fenced ... ok
test cmd_custodian_rejects_misaligned_topology_through_the_real_entry_point ... ok
test cmd_custodian_fails_loud_when_the_whole_fleet_is_unreachable_at_startup - should panic ... ok
test a_repair_with_no_free_domain_is_blocked_off_the_backlog_gauge ... ok
test the_data_loss_audit_line_reaches_the_log_sink_naming_the_chunk ... ok
test a_transient_below_k_outage_does_not_false_alarm_data_loss_and_recovers ... ok
test running_the_cli_twice_in_process_still_dispatches_the_command ... ok
test a_raised_log_level_does_not_starve_the_durability_metrics ... ok
test gauge_rises_then_returns_to_zero_surviving_a_killed_dserver ... ok
test a_loss_beyond_tolerance_raises_data_loss_and_the_backlog_gauge_returns_to_zero ... ok
test run_loop_logs_and_continues_on_a_store_fault ... ok
test connect_fleet_starts_degraded_around_a_startup_down_peer_and_repairs ... ok
test run_loop_survives_a_dead_dserver_and_keeps_running ... ok
test gauge_rises_then_returns_to_zero_through_the_redb_backend_open_path ... ok

test result: ok. 15 passed; 0 failed; 0 ignored; 0 measured; 0 filtered out; finished in 0.19s

     Running tests/custodian_gc.rs (target/debug/deps/custodian_gc-1e71ad6ea5ca9708)

running 10 tests
test deployed_run_loop_refuses_a_value_after_the_valueless_gc_flag ... ok
test deployed_run_loop_refuses_duplicate_ids ... ok
test deployed_run_loop_refuses_duplicate_endpoints ... ok
test armed_deployed_role_reclaims_expired_pending_lease_garbage ... ok
test deployed_role_defers_expired_pending_garbage_by_default ... ok
test deployed_role_reclaims_at_the_exact_grace_boundary ... ok
test deployed_role_keeps_orphaned_bytes_within_the_grace_window ... ok
test deployed_role_reclaims_orphaned_bytes_after_grace_elapses ... ok
test deployed_role_defers_gc_when_the_operator_fleet_is_startup_partial ... ok
test deployed_role_defers_gc_and_preserves_a_skipped_servers_evidence ... ok

test result: ok. 10 passed; 0 failed; 0 ignored; 0 measured; 0 filtered out; finished in 0.17s

     Running tests/dserver.rs (target/debug/deps/dserver-51e50d05d4dab5e6)

running 4 tests
test lease_renews_and_lapses_deterministically ... ok
test d_servers_register_serve_and_are_discovered ... ok
test overload_across_connections_sheds_excess_with_a_retryable_status ... ok
test hung_handler_is_cut_by_the_request_timeout ... ok

test result: ok. 4 passed; 0 failed; 0 ignored; 0 measured; 0 filtered out; finished in 0.25s

     Running tests/dst_commit.rs (target/debug/deps/dst_commit-9c66e041e7963be2)

running 4 tests
test commit_invariants_hold_at_pinned_regression_seed ... ok
test reader_never_sees_a_hybrid_across_seeds ... ok
test exactly_one_commit_wins_across_seeds ... ok
test crash_between_commit_and_release_is_atomic_across_seeds ... ok

test result: ok. 4 passed; 0 failed; 0 ignored; 0 measured; 0 filtered out; finished in 1.37s

     Running tests/dst_erasure.rs (target/debug/deps/dst_erasure-404c1b7b1ccfaf07)

running 7 tests
test ec_properties_hold_at_pinned_regression_seed ... ok
test mixed_era_reads_across_seeds ... ok
test empty_placement_reads_and_maintenance_agree_across_seeds ... ok
test rs_loss_beyond_m_is_a_clean_error_across_seeds ... ok
test rs_corruption_beyond_m_is_a_clean_error_across_seeds ... ok
test rs_reads_survive_losses_across_seeds ... ok
test rs_corruption_is_excluded_across_seeds ... ok

test result: ok. 7 passed; 0 failed; 0 ignored; 0 measured; 0 filtered out; finished in 1.24s

     Running tests/dst_read_fanout.rs (target/debug/deps/dst_read_fanout-a266b1b52a597be2)

running 4 tests
test read_fanout_properties_hold_at_pinned_regression_seed ... ok
test none_scheme_is_a_single_fetch_across_seeds ... ok
test below_k_is_a_clean_typed_error_across_seeds ... ok
test any_k_arrive_first_across_seeds ... ok

test result: ok. 4 passed; 0 failed; 0 ignored; 0 measured; 0 filtered out; finished in 0.49s

     Running tests/e2e.rs (target/debug/deps/e2e-19d415bc01187fdd)

running 4 tests
test gateway_composes_the_coordination_backend ... ok
test binary_runs_the_round_trip_in_one_process ... ok
test buffered_put_stamps_publication_metadata ... ok
test put_then_get_is_byte_identical ... ok

test result: ok. 4 passed; 0 failed; 0 ignored; 0 measured; 0 filtered out; finished in 0.06s

     Running tests/erasure_path.rs (target/debug/deps/erasure_path-806b5fd1d31b8113)

running 6 tests
test mixed_era_chunks_read_through_one_path ... ok
test fewer_than_k_fragments_is_a_clean_typed_error ... ok
test rs_put_stages_n_fragments_and_reads_back_byte_identical ... ok
test checksum_failing_fragments_are_excluded_and_reconstructed_around ... ok
test exactly_one_overwrite_wins_under_rs ... ok
test reads_survive_any_m_fragment_losses ... ok

test result: ok. 6 passed; 0 failed; 0 ignored; 0 measured; 0 filtered out; finished in 0.63s

     Running tests/failure_domain_registration.rs (target/debug/deps/failure_domain_registration-65959ab7312879b4)

running 1 test
test registration_carries_label_and_topology_spreads_distinct_domains ... ok

test result: ok. 1 passed; 0 failed; 0 ignored; 0 measured; 0 filtered out; finished in 0.00s

     Running tests/fdb_backend_selection.rs (target/debug/deps/fdb_backend_selection-19443428d15816d8)

running 3 tests
test fdb_without_the_feature_names_the_build_flag ... ok
test unknown_backend_message_lists_fdb_as_a_known_backend ... ok
test usage_lists_fdb_as_a_metadata_backend ... ok

test result: ok. 3 passed; 0 failed; 0 ignored; 0 measured; 0 filtered out; finished in 0.00s

     Running tests/gateway_cluster.rs (target/debug/deps/gateway_cluster-0fdef85766577716)

running 1 test
test cluster_gateway_round_trips_distinct_objects_across_separate_compositions ... ok

test result: ok. 1 passed; 0 failed; 0 ignored; 0 measured; 0 filtered out; finished in 0.66s

     Running tests/gateway_lease_expiry.rs (target/debug/deps/gateway_lease_expiry-4d3b3b55a0774d75)

running 1 test
test losing_put_leaves_a_future_dated_lease ... ok

test result: ok. 1 passed; 0 failed; 0 ignored; 0 measured; 0 filtered out; finished in 0.04s

     Running tests/gateway_multi_writer.rs (target/debug/deps/gateway_multi_writer-056b0709639d5509)

running 2 tests
test shared_inode_allocator_hands_out_distinct_ids_under_contention ... ok
test two_active_gateways_concurrently_store_distinct_objects_without_collision ... ok

test result: ok. 2 passed; 0 failed; 0 ignored; 0 measured; 0 filtered out; finished in 0.06s

     Running tests/gateway_recover_totality.rs (target/debug/deps/gateway_recover_totality-45530b4bee56374b)

running 4 tests
test the_counter_repair_yields_to_an_allocator_that_won_the_race ... ok
test recover_is_total_over_a_segmented_root ... ok
test recover_is_total_over_an_undecodable_inode_record ... ok
test recover_is_total_over_a_corrupt_next_inode_counter ... ok

test result: ok. 4 passed; 0 failed; 0 ignored; 0 measured; 0 filtered out; finished in 0.08s

     Running tests/health_probe.rs (target/debug/deps/health_probe-d0e1490c99b8419f)

running 13 tests
test a_health_bind_failure_revokes_the_registration ... ok
test an_ephemeral_health_bind_refuses_at_the_builder - should panic ... ok
test a_zero_refresh_interval_refuses_at_the_builder - should panic ... ok
test check_reports_serving_while_the_store_is_healthy ... ok
test checks_still_answer_with_watch_streams_held_open ... ok
test a_hanging_health_probe_fails_closed_within_a_bounded_wait ... ok
test health_check_answers_while_the_data_plane_is_saturated ... ok
test the_default_empty_service_check_tracks_the_store ... ok
test check_reports_not_serving_once_unhealthy_or_erroring ... ok
test established_watch_streams_count_against_the_probe_bound ... ok
test liveness_stays_serving_when_the_store_is_unhealthy ... ok
test a_connected_watch_stream_does_not_pin_shutdown ... ok
test shutdown_publishes_not_serving_before_draining ... ok

test result: ok. 13 passed; 0 failed; 0 ignored; 0 measured; 0 filtered out; finished in 2.05s

     Running tests/log_env_directive.rs (target/debug/deps/log_env_directive-7b77115f24cc0006)

running 1 test
test a_malformed_rust_log_fails_the_process_instead_of_installing_a_filter_nobody_asked_for ... ok

test result: ok. 1 passed; 0 failed; 0 ignored; 0 measured; 0 filtered out; finished in 0.00s

     Running tests/log_span_correlation.rs (target/debug/deps/log_span_correlation-3d3c37d0f0329996)

running 2 tests
test a_request_span_still_carries_its_id_onto_an_error_at_log_level_warn ... ok
test events_are_still_throttled_even_though_spans_are_not ... ok

test result: ok. 2 passed; 0 failed; 0 ignored; 0 measured; 0 filtered out; finished in 0.00s

     Running tests/read_fanout.rs (target/debug/deps/read_fanout-f6fc1345fc69161d)

running 2 tests
test below_k_readable_fragments_is_a_clean_typed_error ... ok
test rs_read_reconstructs_from_the_first_k_and_abandons_hung_d_servers ... ok

test result: ok. 2 passed; 0 failed; 0 ignored; 0 measured; 0 filtered out; finished in 0.12s

     Running tests/read_path.rs (target/debug/deps/read_path-61944a8d3770f596)

running 4 tests
test unbound_name_and_uncommitted_inode_read_as_none ... ok
test reader_sees_old_or_new_version_never_a_hybrid ... ok
test committed_file_reads_back_byte_identical ... ok
test checksum_mismatch_surfaces_as_an_error ... ok

test result: ok. 4 passed; 0 failed; 0 ignored; 0 measured; 0 filtered out; finished in 0.05s

     Running tests/request_capacity_planes.rs (target/debug/deps/request_capacity_planes-223c3741965f9e05)

running 7 tests
test the_request_plane_counts_a_failing_op_by_op_and_by_the_typed_class ... ok
test the_request_plane_classes_a_mid_stream_fault_by_the_seam_not_the_head ... ok
test the_request_plane_counts_a_partially_failed_bulk_delete ... ok
test the_capacity_plane_reports_admission_and_the_in_flight_gauge_returns_to_zero ... ok
test the_capacity_plane_reports_a_forced_load_shed ... ok
test the_request_plane_records_per_op_latency_for_a_put_and_a_get ... ok
test the_capacity_plane_reports_a_request_cut_by_the_request_timeout ... ok

test result: ok. 7 passed; 0 failed; 0 ignored; 0 measured; 0 filtered out; finished in 0.25s

     Running tests/restore_runbook_command.rs (target/debug/deps/restore_runbook_command-8e2c1020326a5f1a)

running 2 tests
test the_runbook_restore_command_satisfies_the_topology_validator_it_will_be_checked_against ... ok
test the_runbook_states_the_two_conditions_that_make_the_pass_safe ... ok

test result: ok. 2 passed; 0 failed; 0 ignored; 0 measured; 0 filtered out; finished in 0.00s

     Running tests/s3_copy_object_guard.rs (target/debug/deps/s3_copy_object_guard-b870596bfa4a1f16)

running 2 tests
test copy_source_put_is_refused_and_destination_survives ... ok
test ordinary_put_without_copy_source_still_stores ... ok

test result: ok. 2 passed; 0 failed; 0 ignored; 0 measured; 0 filtered out; finished in 0.09s

     Running tests/s3_delete_objects.rs (target/debug/deps/s3_delete_objects-432c1c54b41a5b38)

running 22 tests
test delete_objects_malformed_xml_is_rejected ... ok
test delete_objects_more_than_1000_keys_is_refused ... ok
test delete_objects_entity_escaped_key_deletes_the_right_object ... ok
test delete_objects_quiet_omits_deleted_entries_but_still_deletes ... ok
test delete_objects_numeric_quiet_spellings_are_honoured ... ok
test delete_objects_comment_split_key_is_rejected_and_deletes_nothing ... ok
test delete_objects_trailing_content_after_root_is_rejected_and_deletes_nothing ... ok
test delete_objects_multiple_roots_are_rejected_and_delete_nothing ... ok
test delete_objects_unsigned_payload_is_refused_and_deletes_nothing ... ok
test delete_objects_removes_present_and_absent_keys_idempotently ... ok
test delete_objects_malformed_processing_instruction_is_rejected_and_deletes_nothing ... ok
test delete_objects_nested_entity_key_is_decoded_exactly_once ... ok
test delete_objects_junk_after_a_tag_name_is_rejected_and_deletes_nothing ... ok
test delete_objects_version_scoped_entry_is_refused_and_deletes_nothing ... ok
test delete_objects_duplicate_attribute_is_rejected_and_deletes_nothing ... ok
test delete_objects_conditional_delete_fields_are_refused_and_delete_nothing ... ok
test delete_objects_literal_percent_key_is_not_percent_decoded ... ok
test delete_objects_invalid_quiet_is_rejected_and_deletes_nothing ... ok
test delete_objects_denylisted_query_companion_is_refused_and_deletes_nothing ... ok
test delete_objects_malformed_attribute_value_is_rejected_and_deletes_nothing ... ok
test delete_objects_oversized_body_is_refused_before_it_is_resident ... ok
test delete_objects_max_keys_with_escaped_content_is_accepted ... ok

test result: ok. 22 passed; 0 failed; 0 ignored; 0 measured; 0 filtered out; finished in 0.40s

     Running tests/s3_gateway_cluster.rs (target/debug/deps/s3_gateway_cluster-699175307392a5d7)

running 1 test
test s3_gateway_composed_over_cluster_backends_lands_fragments_on_dservers ... ok

test result: ok. 1 passed; 0 failed; 0 ignored; 0 measured; 0 filtered out; finished in 0.13s

     Running tests/s3_head_object.rs (target/debug/deps/s3_head_object-d6c16d25c56e3521)

running 3 tests
test signed_head_of_an_absent_key_returns_404_headers_only ... ok
test head_does_not_change_get_put_delete_behaviour ... ok
test signed_head_of_a_stored_object_returns_metadata_headers_and_no_body ... ok

test result: ok. 3 passed; 0 failed; 0 ignored; 0 measured; 0 filtered out; finished in 0.07s

     Running tests/s3_http_wire.rs (target/debug/deps/s3_http_wire-91f636d6b64332da)

running 19 tests
test a_failure_reports_the_same_request_id_in_the_header_and_the_error_body ... ok
test wrong_signature_is_refused_and_stores_nothing ... ok
test real_sdk_interop::real_aws_sdk_unsigned_client_is_refused ... ok
test unsigned_put_is_refused_before_its_body_is_read ... ok
test unsigned_request_is_refused ... ok
test streaming_interop::tampered_chunk_body_is_refused_and_stores_nothing ... ok
test every_response_carries_a_request_id_header ... ok
test streaming_behaviour::streaming_put_writes_chunks_as_they_arrive_not_after_buffering ... ok
test restart_without_recover_is_safe_when_prior_process_persisted_the_allocator ... ok
test get_streaming_resolved_before_delete_is_not_truncated ... ok
test restart_recovers_id_allocators_over_orphan_ledger_no_reclaim_loss ... ok
test percent_encoded_key_is_stored_under_the_decoded_identity ... ok
test restart_recovers_id_allocators_no_collision ... ok
test signed_put_get_delete_round_trip_is_byte_identical ... ok
test get_declares_accurate_content_length_for_truncation_detection ... ok
test recover_seeds_the_allocator_over_a_legacy_store_without_meta_next_inode ... ok
test concurrent_delete_is_idempotent ... ok
test streaming_interop::stock_sdk_chunked_put_round_trips_byte_identical ... ok
test real_sdk_interop::real_aws_sdk_put_get_delete_round_trips_byte_identical ... ok

test result: ok. 19 passed; 0 failed; 0 ignored; 0 measured; 0 filtered out; finished in 3.58s

     Running tests/s3_list_objects.rs (target/debug/deps/s3_list_objects-ddf8691f668f0a90)

running 24 tests
test list_missing_bucket_is_404_no_such_bucket ... ok
test empty_bucket_with_marker_lists_empty_200 ... ok
test list_v2_double_slash_bucket_path_is_rejected_not_listed ... ok
test list_v2_invalid_continuation_token_is_400 ... ok
test get_bucket_versioning_is_501_not_a_listing_document ... ok
test list_v2_encoding_type_url_matches_botocore_oracle ... ok
test list_v2_xml_special_key_round_trips ... ok
test list_v2_encoding_type_other_than_url_is_400_invalid_argument ... ok
test list_v2_max_keys_zero_is_empty_and_untruncated ... ok
test list_v2_encoding_type_url_encodes_prefix_delimiter_and_common_prefixes ... ok
test list_v1_encoding_type_url_encodes_marker_and_next_marker ... ok
test list_v2_start_after_equal_to_common_prefix_drops_the_rollup ... ok
test list_v2_prefix_filters ... ok
test list_v2_start_after_skips_consumed_keys ... ok
test list_v1_marker_inside_delimiter_group_drops_the_rollup ... ok
test list_v1_next_marker_is_common_prefix_and_resumes_without_double_emit ... ok
test list_v2_start_after_inside_delimiter_group_drops_the_rollup ... ok
test list_v2_continuation_token_wins_over_start_after ... ok
test list_v2_encoding_type_url_start_after_echo_and_opaque_token_resume ... ok
test list_v2_returns_sorted_contents_with_size_and_etag ... ok
test list_v2_delimiter_rolls_into_common_prefixes ... ok
test list_v1_returns_marker_based_result ... ok
test list_v2_delimiter_and_max_keys_chain_without_double_emitting_a_prefix ... ok
test list_v2_pagination_chains_until_every_key_once ... ok

test result: ok. 24 passed; 0 failed; 0 ignored; 0 measured; 0 filtered out; finished in 0.10s

     Running tests/s3_object_metadata.rs (target/debug/deps/s3_object_metadata-66cb819237e5c349)

running 2 tests
test a_second_put_of_new_content_stamps_a_fresh_etag_and_content_type ... ok
test put_answers_etag_and_get_round_trips_content_type_and_last_modified ... ok

test result: ok. 2 passed; 0 failed; 0 ignored; 0 measured; 0 filtered out; finished in 0.08s

     Running tests/s3_range_conditional.rs (target/debug/deps/s3_range_conditional-4614775f0b6ed8f4)

running 17 tests
test narrow_range_fetches_only_the_covering_chunks ... ok
test head_honors_range_with_206_and_416 ... ok
test a_fired_precondition_costs_zero_chunk_reads ... ok
test invalid_weekday_token_conditional_is_ignored ... ok
test if_match_uses_strong_comparison_weak_tag_rejected ... ok
test if_match_with_a_non_matching_etag_returns_412 ... ok
test unsatisfiable_range_returns_416_with_content_range_star ... ok
test obsolete_http_date_formats_are_honored_on_conditionals ... ok
test range_unit_is_matched_case_insensitively ... ok
test invalid_conditional_date_is_ignored_not_misparsed ... ok
test pre_epoch_if_unmodified_since_fires_412_not_ignored ... ok
test if_modified_since_and_if_unmodified_since_answer_304_and_412 ... ok
test ranged_get_returns_206_with_content_range_and_sliced_body ... ok
test repeated_range_field_lines_degrade_to_the_full_200 ... ok
test if_none_match_with_the_objects_etag_returns_304_on_get_and_head ... ok
test signed_http_date_fields_are_ignored_not_misparsed ... ok
test out_of_scope_and_malformed_ranges_answer_full_200_with_accept_ranges ... ok

test result: ok. 17 passed; 0 failed; 0 ignored; 0 measured; 0 filtered out; finished in 0.03s

     Running tests/s3_streaming_trailer.rs (target/debug/deps/s3_streaming_trailer-cd672857950994de)

running 11 tests
test crc_reference_check_values ... ok
test an_unrecognised_checksum_algorithm_is_refused_before_admission ... ok
test a_decoded_content_length_mismatch_is_refused ... ok
test a_non_canonical_base64_trailer_checksum_is_refused_as_bad_request ... ok
test a_non_base64_trailer_checksum_is_refused_as_bad_request ... ok
test garbage_after_the_trailer_block_is_refused_as_bad_request ... ok
test an_undeclared_trailer_name_is_refused_as_bad_request ... ok
test a_forged_trailer_signature_is_refused_and_stores_nothing ... ok
test a_tampered_trailer_checksum_is_refused_and_stores_nothing ... ok
test signed_trailer_put_with_valid_chunk_and_trailer_signatures_round_trips ... ok
test unsigned_trailer_put_accepts_the_minimum_checksum_algorithm_set ... ok

test result: ok. 11 passed; 0 failed; 0 ignored; 0 measured; 0 filtered out; finished in 4.74s

     Running tests/segmented_object_read.rs (target/debug/deps/segmented_object_read-87ecc062e117a506)

running 2 tests
test an_unresolvable_object_fails_closed_without_ending_another_objects_read ... ok
test a_segmented_object_reads_byte_identical_whole_and_across_a_segment_boundary ... ok

test result: ok. 2 passed; 0 failed; 0 ignored; 0 measured; 0 filtered out; finished in 0.02s

     Running tests/write_fanout.rs (target/debug/deps/write_fanout-85ec9e4ebffce0b1)

running 2 tests
test partial_fan_out_fails_closed_over_the_wire ... ok
test rs_write_fans_out_to_distinct_d_servers_and_commits ... ok

test result: ok. 2 passed; 0 failed; 0 ignored; 0 measured; 0 filtered out; finished in 0.11s

     Running tests/write_path.rs (target/debug/deps/write_path-f4327416ec132888)

running 5 tests
test concurrent_create_of_the_same_name_has_one_winner ... ok
test crash_between_commit_and_release_leaves_entries_the_sweep_reclaims ... ok
test write_produces_an_atomically_committed_readable_file ... ok
test crash_before_commit_leaves_only_collectable_garbage ... ok
test exactly_one_overwrite_wins_under_a_concurrent_writer ... ok

test result: ok. 5 passed; 0 failed; 0 ignored; 0 measured; 0 filtered out; finished in 0.37s

     Running unittests src/lib.rs (target/debug/deps/wyrd_telemetry-4e6d8d3067f1ee30)

running 0 tests

test result: ok. 0 passed; 0 failed; 0 ignored; 0 measured; 0 filtered out; finished in 0.00s

     Running unittests src/lib.rs (target/debug/deps/wyrd_testkit-609958695fa39fab)

running 35 tests
test test_double_scan_page_tests::a_cursor_below_the_prefix_starts_the_page_at_the_prefix ... ok
test test_double_scan_page_tests::a_walk_returns_every_key_once_and_terminates ... ok
test tests::a_no_op_partition_is_not_materialized ... ok
test test_double_scan_page_tests::a_cursor_past_the_prefix_is_an_empty_terminal_page ... ok
test test_double_scan_page_tests::a_page_is_byte_ordered_prefix_scoped_and_bounded ... ok
test test_double_scan_page_tests::it_inherits_the_scan_cap_and_says_so ... ok
test test_double_scan_page_tests::the_cursor_is_exclusive ... ok
test test_double_scan_page_tests::an_empty_page_is_terminal_and_a_zero_bound_is_refused ... ok
test tests::an_absent_fdb_coordinator_is_not_live_and_cannot_manufacture_a_pass ... ok
test tests::an_fdb_coordinator_is_read_as_unreachable_during_the_cut ... ok
test tests::an_fdb_coordinator_is_read_as_reachable_before_the_cut ... ok
test tests::consistency_needs_all_four_independent_signals ... ok
test tests::clock_advances_monotonically ... ok
test tests::convergence_is_exactly_one_version_step ... ok
test tests::even_split_stalls_rather_than_diverges ... ok
test tests::different_seeds_diverge ... ok
test tests::heartbeat_freshness_is_an_age_threshold_not_state_name ... ok
test tests::heal_must_undo_every_isolation_rule_and_restore_the_peer_view ... ok
test tests::lost_updates_are_caught_by_the_contention_arithmetic ... ok
test tests::last_heartbeat_is_parsed_for_the_addressed_store ... ok
test tests::majority_partition_makes_the_isolated_side_writable ... ok
test tests::minority_partition_leaves_the_majority_writable ... ok
test tests::netns_map_resolves_the_target_container_only ... ok
test tests::no_faults_injects_nothing ... ok
test tests::partition_is_evidence_only_when_peers_lose_the_target ... ok
test tests::quorum_is_strict_majority ... ok
test tests::region_leader_and_store_ip_resolve_from_pd_bodies ... ok
test tests::seeded_net_faults_reports_per_store ... ok
test tests::same_seed_reproduces_the_same_run ... ok
test tests::seeded_storage_faults_kill_picks_exactly_one_lost_server ... ok
test tests::seeded_net_faults_pick_is_reproducible_and_bounded ... ok
test tests::seeded_storage_faults_reports_per_store ... ok
test tests::seeded_storage_faults_pick_is_reproducible_and_bounded ... ok
test tests::the_fdb_master_process_is_resolved_by_its_role ... ok
test tests::the_fdb_oracle_reads_the_reachable_belonging_to_the_targets_own_address ... ok

test result: ok. 35 passed; 0 failed; 0 ignored; 0 measured; 0 filtered out; finished in 0.00s

     Running unittests src/lib.rs (target/debug/deps/wyrd_traits-dd78189a03e6dbbb)

running 22 tests
test error_class_tests::a_transient_fault_classifies_transient ... ok
test error_class_tests::an_unclassifiable_error_defaults_to_terminal_not_transient ... ok
test error_class_tests::an_integrity_fault_classifies_integrity_and_is_terminal ... ok
test error_class_tests::a_transient_fault_keeps_its_source_reachable ... ok
test error_class_tests::an_unknown_commit_result_is_indeterminate_and_neither_half_of_the_binary ... ok
test error_class_tests::classification_walks_the_source_chain ... ok
test error_class_tests::the_label_space_is_stable_bounded_and_distinct ... ok
test error_class_tests::the_dispositions_partition_the_class_space_correctly ... ok
test error_class_tests::the_permanent_faults_classify_terminal ... ok
test page_bound_tests::a_cursor_below_the_prefix_starts_the_page_at_the_prefix ... ok
test page_bound_tests::a_cursor_inside_the_prefix_is_an_exclusive_lower_bound ... ok
test page_bound_tests::a_cursor_past_the_prefix_range_is_a_terminal_page_not_a_lower_bound ... ok
test page_bound_tests::a_full_page_carries_its_last_key_as_the_cursor ... ok
test page_bound_tests::a_limit_above_the_cap_is_clamped_never_refused ... ok
test page_bound_tests::a_limit_under_the_cap_is_the_limit ... ok
test page_bound_tests::a_short_page_is_terminal_and_an_empty_one_never_carries_a_cursor ... ok
test page_bound_tests::a_page_is_full_at_its_bound_not_one_pair_before_or_after ... ok
test page_bound_tests::a_zero_cap_is_rejected_too_never_answered_with_an_unbounded_page ... ok
test page_bound_tests::a_zero_limit_is_rejected_with_the_seam_error ... ok
test page_bound_tests::past_the_prefix_is_exactly_at_or_beyond_the_prefixs_upper_bound ... ok
test page_bound_tests::the_resolved_limit_is_never_zero ... ok
test page_bound_tests::the_rule_a_fill_loop_stops_on_is_the_rule_the_cursor_is_emitted_from ... ok

test result: ok. 22 passed; 0 failed; 0 ignored; 0 measured; 0 filtered out; finished in 0.00s

     Running unittests src/lib.rs (target/debug/deps/xtask-b02a87302556234c)

running 5 tests
test consistency_run::tests::default_leg_is_partition ... ok
test consistency_run::tests::checker_output_is_three_valued_and_never_silently_passes ... ok
test consistency_run::tests::evaluate_summary_requires_both_attestations ... ok
test consistency_run::tests::run_plan_visits_the_nemesis_window_between_workload_and_heal ... ok
test consistency_run::tests::the_nemesis_field_carries_the_typed_evidence_not_a_bare_boolean ... ok

test result: ok. 5 passed; 0 failed; 0 ignored; 0 measured; 0 filtered out; finished in 0.00s

     Running unittests src/main.rs (target/debug/deps/xtask-0b344bda59b01728)

running 23 tests
test faults::tests::deferred_when_not_opted_in ... ok
test consistency_run_runner::tests::the_cluster_file_names_every_declared_coordinator ... ok
test faults::tests::jepsen_dispatch_routes_to_in_repo_scenario_not_external_command ... ok
test faults::tests::opted_in_with_tool_runs ... ok
test faults::tests::opted_in_without_tool_fails_hard ... ok
test faults::tests::tier1_jepsen_isolation_legs_includes_network_partition_not_freeze_only ... ok
test fdb_faults::tests::the_readiness_gate_is_not_fooled_by_an_unhealthy_cluster ... ok
test fdb_faults::tests::the_cluster_file_names_every_declared_coordinator ... ok
test fdb_faults::tests::every_declared_leg_exists_as_a_test_binary ... ok
test kill_reconstruct::tests::container_name_is_one_indexed ... ok
test kill_reconstruct::tests::victim_is_always_server_zero ... ok
test tests::clean_run_finalizes_without_capturing_or_panicking ... ok
test tests::ci_type_checks_the_fdb_feature_on_the_fdb_toolchain_alone ... ok
test tests::ci_type_checks_feature_gated_metadata_scenario ... ok
test tests::dserver_count_accepts_a_valid_value_silently ... ok
test tests::dserver_count_rejects_unusable_values_with_a_warning ... ok
test tests::dserver_count_unset_uses_default_silently ... ok
test tests::err_return_finalizes_capture_then_teardown_and_propagates ... ok
test tests::failure_captures_logs_before_teardown ... ok
test tests::statics_allowlist_covers_only_the_barrier ... ok
test tests::success_tears_down_without_capturing_logs ... ok
test tests::statics_gate_flags_globals_not_fields ... ok
test tests::panic_finalizes_capture_then_teardown_then_resumes ... ok

test result: ok. 23 passed; 0 failed; 0 ignored; 0 measured; 0 filtered out; finished in 0.00s

     Running tests/consistency_ci_job.rs (target/debug/deps/consistency_ci_job-094f14d1bc2b3d3f)

running 5 tests
test d_the_nightly_reporter_watches_the_new_job ... ok
test a_workflow_name_equals_the_landed_verdict_dispatch_seat ... ok
test c_the_run_artifacts_are_uploaded_from_where_408_actually_writes_them ... ok
test b_triggers_are_schedule_and_dispatch_only_bounded_and_thin ... ok
test e_the_dst_promotion_anchor_exists_and_replays_the_faithful_property_bodies ... ok

test result: ok. 5 passed; 0 failed; 0 ignored; 0 measured; 0 filtered out; finished in 0.00s

     Running tests/consistency_run_orchestration.rs (target/debug/deps/consistency_run_orchestration-eeadd206b77f59c2)

running 40 tests
test a_captured_fail_output_parses_to_a_genuine_violation ... ok
test a_delete_pool_whose_checks_held_reports_no_violation ... ok
test a_captured_pass_output_parses_to_pass ... ok
test a_captured_unknown_output_parses_to_inconclusive_even_with_exit_zero ... ok
test a_summary_attesting_both_witnesses_evaluates_conclusive ... ok
test a_missing_field_fails_the_vocabulary_pin ... ok
test a_summary_missing_the_inv2_witness_is_inconclusive ... ok
test a_jar_without_a_recorded_revision_still_identifies_by_version_and_hash ... ok
test a_field_the_scenario_emits_but_the_seam_does_not_name_is_a_hard_error ... ok
test a_summary_whose_composed_final_read_is_indeterminate_is_inconclusive_and_names_the_members ... ok
test a_summary_whose_typed_evidence_did_not_materialize_is_inconclusive ... ok
test a_true_token_contradicted_by_a_nonzero_exit_is_inconclusive_never_a_pass ... ok
test an_unrecognized_leg_name_is_a_hard_error_not_a_silent_fallback ... ok
test metadata_without_a_version_is_a_hard_error_never_an_unknown_placeholder ... ok
test each_violated_wyrd_check_is_named_so_the_run_can_fail_on_it ... ok
test not_opted_in_is_always_ok_deferred_not_an_error ... ok
test opted_in_but_missing_any_piece_is_a_hard_error_naming_it ... ok
test an_unknown_field_nested_inside_the_seam_is_a_hard_error_too ... ok
test opted_in_with_a_full_environment_is_ok ... ok
test run_plan_carries_bring_up_through_report_in_order ... ok
test opted_in_with_nothing_present_names_every_missing_piece ... ok
test scenario_argv_targets_wyrd_server_with_the_fdb_feature_and_ignored_flag ... ok
test skew_and_pause_are_selectable_by_name ... ok
test the_default_leg_is_partition_never_a_silent_no_fault ... ok
test the_degraded_composed_read_is_checker_verified_to_be_inconclusive_not_a_vacuous_pass ... ok
test the_delete_pools_violation_is_independent_of_the_vacuity_gate ... ok
test the_directory_fixtures_use_the_set_vocabulary_with_integer_elements_only ... ok
test the_directory_invocation_uses_the_set_model_not_set_full ... ok
test the_known_good_and_known_bad_register_histories_carry_the_txn_vocabulary ... ok
test the_member_id_map_crosses_the_seam_rather_than_being_dropped_on_the_floor ... ok
test the_real_jars_pom_properties_parses_to_its_version_and_revision ... ok
test the_member_id_map_field_renders_every_pair_and_says_so_when_empty ... ok
test the_register_invocation_uses_the_rw_register_model ... ok
test the_report_nemesis_field_attests_how_the_fault_bit_not_a_bare_boolean ... ok
test the_report_renders_all_five_named_fields ... ok
test the_report_names_the_checker_version_not_only_the_jar_hash ... ok
test the_report_resolves_the_set_models_integer_elements_via_the_member_id_map ... ok
test the_self_check_confirms_known_good_parses_pass_and_known_bad_parses_violation ... ok
test the_version_is_read_from_the_jars_own_metadata_entry ... ok
test the_run_summary_is_parsed_from_json_carrying_the_typed_evidence_and_outcome_counts ... ok

test result: ok. 40 passed; 0 failed; 0 ignored; 0 measured; 0 filtered out; finished in 0.00s

     Running tests/deploy_no_orchestrator_coupling.rs (target/debug/deps/deploy_no_orchestrator_coupling-9b402d9069b61270)

running 6 tests
test orchestrator_needles_are_non_empty_and_import_shaped ... ok
test scan_line_ignores_comments_and_prose ... ok
test scan_line_catches_a_kube_import ... ok
test scan_dir_is_red_when_an_orchestrator_import_is_planted ... ok
test scan_dir_is_green_over_the_real_workspace_crates ... ok
test small_multi_node_compose_config_is_structurally_valid ... ok

test result: ok. 6 passed; 0 failed; 0 ignored; 0 measured; 0 filtered out; finished in 0.08s

     Running tests/disk_faults_orchestration.rs (target/debug/deps/disk_faults_orchestration-1265fd22dd6b89e2)

running 12 tests
test campaign_verdict_components_are_recorded_faithfully ... ok
test campaign_verdict_fails_if_chunk_not_at_full_redundancy ... ok
test campaign_verdict_fails_if_reconstruction_propagated_error ... ok
test campaign_verdict_zero_intact_fails ... ok
test campaign_verdict_fails_if_scrub_leg_inert ... ok
test campaign_verdict_passes_full_redundancy_no_errors ... ok
test dm_table_error_embeds_sector_count ... ok
test dm_table_error_produces_correct_dmsetup_string ... ok
test dm_table_linear_produces_correct_dmsetup_string ... ok
test verdict_scrub_leg_detected_when_chunk_enqueued ... ok
test dm_table_linear_embeds_sector_count_and_device ... ok
test verdict_scrub_leg_not_detected_when_queue_empty ... ok

test result: ok. 12 passed; 0 failed; 0 ignored; 0 measured; 0 filtered out; finished in 0.00s

     Running tests/dist_templates.rs (target/debug/deps/dist_templates-0dfb30da962e98e9)

running 14 tests
test dist_args_parse_and_refuse_correctly ... ok
test image_tags_sanitize_the_semver_plus ... ok
test install_sh_preserves_live_configs_on_upgrade ... ok
test install_sh_never_enables_or_starts_units ... ok
test env_examples_name_every_load_bearing_flag ... ok
test leftover_placeholders_refuse_and_bindir_survives ... ok
test normalize_describe_covers_all_three_shapes ... ok
test only_the_metadata_opening_roles_may_write_the_fdb_cluster_file ... ok
test the_custodian_unit_warns_run_exactly_one ... ok
test the_staging_plan_matches_the_repo ... ok
test the_installer_pin_shares_the_dockerfile_source_of_truth ... ok
test units_carry_the_hardening_baseline ... ok
test units_run_unprivileged_from_etc_wyrd_and_keep_the_bindir_token ... ok
test install_sh_keeps_its_contract ... ok

test result: ok. 14 passed; 0 failed; 0 ignored; 0 measured; 0 filtered out; finished in 0.00s

     Running tests/fdb_deploy_profiles.rs (target/debug/deps/fdb_deploy_profiles-e0f03d8a9377a356)

running 11 tests
test both_new_fdb_stacks_exist ... ok
test fdb_single_zone_wires_every_metadata_role_to_fdb_and_none_to_tikv ... ok
test readme_records_the_tikv_fdb_single_zone_pairing ... ok
test each_single_zone_fdbserver_pins_a_stable_locality_hostname ... ok
test readme_profile_matrix_names_all_six_profiles ... ok
test readme_records_the_tikv_stand_down ... ok
test readme_states_which_single_zone_stack_is_canonical ... ok
test the_single_zone_shares_fdb0s_cluster_file_with_the_wyrd_roles ... ok
test each_single_zone_fdbserver_persists_its_data_directory ... ok
test fdb_multi_replica_declares_three_processes_and_the_fault_sidecar ... ok
test small_multi_node_fdb_compose_config_is_structurally_valid ... ok

test result: ok. 11 passed; 0 failed; 0 ignored; 0 measured; 0 filtered out; finished in 0.08s

     Running tests/fdb_harness.rs (target/debug/deps/fdb_harness-1c7aaffe37d7a3fa)

running 30 tests
test a_missing_client_library_stops_the_job_before_a_container_is_started ... ok
test an_unavailable_cluster_is_not_read_as_available ... ok
test a_bare_xtask_step_is_a_head_but_every_evasion_shape_is_not ... ok
test a_missing_docker_stops_the_job_before_a_container_is_started ... ok
test a_ready_environment_enters_the_stack_exactly_once_and_propagates_its_result ... ok
test a_passing_row_carries_no_remediation ... ok
test a_missing_client_library_names_the_client_package ... ok
test an_unhealthy_cluster_names_the_bring_up_command ... ok
test an_unreadable_cluster_file_names_the_env_var_and_its_default ... ok
test cluster_file_path_falls_back_to_the_default_when_unset_or_blank ... ok
test doctor_is_green_when_every_probe_passes ... ok
test doctor_is_red_when_a_failing_probe_outcome_is_planted ... ok
test feature_gated_checks_type_check_the_fdb_surface_when_the_fdb_toolchain_is_present ... ok
test ldconfig_fallback_recognises_the_client_library ... ok
test probe_client_library_finds_a_custom_prefix_build_via_fdb_client_lib_path ... ok
test the_client_library_search_honours_fdb_client_lib_path ... ok
test the_audit_policy_records_what_cargo_deny_cannot_see ... ok
test the_fdb_and_tikv_toolchain_gates_are_independent ... ok
test the_conformance_preflight_is_handed_the_real_measured_probes ... ok
test the_conformance_command_delegates_to_the_gate_and_is_red_when_it_does_not ... ok
test the_licence_wall_covers_the_optional_backend_graphs_from_one_allowlist ... ok
test the_pinned_fdb_version_agrees_across_the_image_the_client_and_the_doctor ... ok
test the_doctors_cluster_file_literals_match_the_drivers_own ... ok
test the_workflow_head_scrape_is_red_when_the_conformance_step_is_evaded ... ok
test the_workflow_opts_the_fdb_typechecks_into_the_whole_gate ... ok
test the_live_client_library_adapter_reads_the_real_env_and_filesystem ... ok
test the_shipped_artifact_wall_carries_no_off_by_default_backend_exception ... ok
test the_workflow_runs_on_pull_requests_and_nightly_and_is_not_a_merge_gate ... ok
test the_pull_request_leg_type_checks_every_fdb_feature_arm_it_filters_on ... ok
test the_fdb_conformance_workflow_runs_only_real_dispatched_subcommands ... ok

test result: ok. 30 passed; 0 failed; 0 ignored; 0 measured; 0 filtered out; finished in 0.00s

     Running tests/fdb_image.rs (target/debug/deps/fdb_image-e9f9376c930b9e41)

running 4 tests
test fdb_version_is_consistent_across_dockerfile_compose_and_crate ... ok
test consistency_check_is_red_on_a_mismatched_fdb_version ... ok
test dockerfile_is_multistage_nonroot_and_parameterized ... ok
test workflow_exists_resolves_and_filters_the_fdb_surface ... ok

test result: ok. 4 passed; 0 failed; 0 ignored; 0 measured; 0 filtered out; finished in 0.00s

     Running tests/metadata_faults_orchestration.rs (target/debug/deps/metadata_faults_orchestration-41972a259c854ac9)

running 3 tests
test dispatch_routes_to_in_repo_scenario_not_external_command ... ok
test legacy_var_is_the_only_path_to_the_removed_external_route ... ok
test in_repo_scenario_argv_carries_the_tikv_feature_and_ignored_flag ... ok

test result: ok. 3 passed; 0 failed; 0 ignored; 0 measured; 0 filtered out; finished in 0.00s

     Running tests/nemesis_orchestration.rs (target/debug/deps/nemesis_orchestration-359b3e9017a7f28e)

running 4 tests
test campaign_runs_all_three_fault_classes_not_a_subset ... ok
test each_leg_routes_to_its_own_scenario_function ... ok
test runner_argv_carries_the_fdb_feature_and_the_ignored_exact_leg ... ok
test the_name_drift_guard_rejects_a_leg_that_ran_zero_tests ... ok

test result: ok. 4 passed; 0 failed; 0 ignored; 0 measured; 0 filtered out; finished in 0.00s

     Running tests/readme_dev_section.rs (target/debug/deps/readme_dev_section-638343a34f2ce1b4)

running 1 test
test readme_documents_development_and_testing ... ok

test result: ok. 1 passed; 0 failed; 0 ignored; 0 measured; 0 filtered out; finished in 0.00s

     Running tests/repo_hygiene_guards.rs (target/debug/deps/repo_hygiene_guards-aad5531b359df21f)

running 29 tests
test scan_crate_roots_fails_closed_when_it_cannot_see_the_tree ... ok
test scan_crate_roots_accepts_a_leading_utf8_bom ... ok
test scan_gitlinks_is_green_for_a_declared_submodule ... ok
test scan_gitlinks_follows_gits_effective_value_for_duplicate_stanzas ... ok
test a_cfg_attr_touching_unsafe_code_is_a_conditional_policy_and_red ... ok
test scan_crate_roots_accepts_comment_markers_inside_attribute_strings ... ok
test scan_gitlinks_is_red_on_a_url_less_submodule_stanza ... ok
test scan_crate_roots_covers_build_scripts_benches_and_examples ... ok
test a_crate_missing_from_workspace_members_is_reported ... ok
test scan_gitlinks_is_red_on_an_undeclared_gitlink ... ok
test scan_gitlinks_is_red_on_a_quoted_worktree_path ... ok
test scan_gitlinks_is_red_on_any_tracked_agent_worktree_entry ... ok
test scan_crate_roots_finds_packages_below_an_intermediate_directory ... ok
test target_src_paths_follows_manifest_overrides_for_every_kind ... ok
test target_src_paths_rejects_unusable_metadata ... ok
test unsafe_forbid_allowlist_is_narrow_and_reasoned ... ok
test scan_crate_roots_requires_the_attribute_at_crate_level ... ok
test scan_crate_roots_ignores_brackets_and_attributes_inside_strings ... ok
test scan_crate_roots_is_red_when_the_attribute_is_missing ... ok
test scan_crate_roots_looks_past_a_leading_shebang ... ok
test scan_crate_roots_is_red_on_an_uncovered_bin_root ... ok
test scan_crate_roots_rejects_a_commented_out_attribute ... ok
test the_deny_exemption_is_red_when_a_later_allow_overrides_it ... ok
test the_manifest_walk_does_not_follow_directory_symlinks ... ok
test scan_crate_roots_accepts_any_forbid_list_containing_unsafe_code ... ok
test scan_crate_roots_honors_the_deny_allowlist ... ok
test scan_gitlinks_is_green_over_the_real_index ... ok
test every_crate_directory_is_a_workspace_member_today ... ok
test scan_crate_roots_is_green_over_the_real_workspace_crates ... ok

test result: ok. 29 passed; 0 failed; 0 ignored; 0 measured; 0 filtered out; finished in 0.06s

   Doc-tests wyrd_chunk_format

running 0 tests

test result: ok. 0 passed; 0 failed; 0 ignored; 0 measured; 0 filtered out; finished in 0.00s

   Doc-tests wyrd_chunkstore_fs

running 0 tests

test result: ok. 0 passed; 0 failed; 0 ignored; 0 measured; 0 filtered out; finished in 0.00s

   Doc-tests wyrd_chunkstore_grpc

running 0 tests

test result: ok. 0 passed; 0 failed; 0 ignored; 0 measured; 0 filtered out; finished in 0.00s

   Doc-tests wyrd_coordination_conformance

running 0 tests

test result: ok. 0 passed; 0 failed; 0 ignored; 0 measured; 0 filtered out; finished in 0.00s

   Doc-tests wyrd_coordination_etcd

running 0 tests

test result: ok. 0 passed; 0 failed; 0 ignored; 0 measured; 0 filtered out; finished in 0.00s

   Doc-tests wyrd_coordination_mem

running 0 tests

test result: ok. 0 passed; 0 failed; 0 ignored; 0 measured; 0 filtered out; finished in 0.00s

   Doc-tests wyrd_core

running 0 tests

test result: ok. 0 passed; 0 failed; 0 ignored; 0 measured; 0 filtered out; finished in 0.00s

   Doc-tests wyrd_custodian

running 0 tests

test result: ok. 0 passed; 0 failed; 0 ignored; 0 measured; 0 filtered out; finished in 0.00s

   Doc-tests wyrd_gateway_core

running 0 tests

test result: ok. 0 passed; 0 failed; 0 ignored; 0 measured; 0 filtered out; finished in 0.00s

   Doc-tests wyrd_gateway_s3

running 0 tests

test result: ok. 0 passed; 0 failed; 0 ignored; 0 measured; 0 filtered out; finished in 0.00s

   Doc-tests wyrd_metadata_conformance

running 0 tests

test result: ok. 0 passed; 0 failed; 0 ignored; 0 measured; 0 filtered out; finished in 0.00s

   Doc-tests wyrd_metadata_fault_conformance

running 0 tests

test result: ok. 0 passed; 0 failed; 0 ignored; 0 measured; 0 filtered out; finished in 0.00s

   Doc-tests wyrd_metadata_fdb

running 0 tests

test result: ok. 0 passed; 0 failed; 0 ignored; 0 measured; 0 filtered out; finished in 0.00s

   Doc-tests wyrd_metadata_redb

running 0 tests

test result: ok. 0 passed; 0 failed; 0 ignored; 0 measured; 0 filtered out; finished in 0.00s

   Doc-tests wyrd_metadata_tikv

running 0 tests

test result: ok. 0 passed; 0 failed; 0 ignored; 0 measured; 0 filtered out; finished in 0.00s

   Doc-tests wyrd_proto

running 0 tests

test result: ok. 0 passed; 0 failed; 0 ignored; 0 measured; 0 filtered out; finished in 0.00s

   Doc-tests wyrd_server

running 0 tests

test result: ok. 0 passed; 0 failed; 0 ignored; 0 measured; 0 filtered out; finished in 0.00s

   Doc-tests wyrd_telemetry

running 0 tests

test result: ok. 0 passed; 0 failed; 0 ignored; 0 measured; 0 filtered out; finished in 0.00s

   Doc-tests wyrd_testkit

running 0 tests

test result: ok. 0 passed; 0 failed; 0 ignored; 0 measured; 0 filtered out; finished in 0.00s

   Doc-tests wyrd_traits

running 0 tests

test result: ok. 0 passed; 0 failed; 0 ignored; 0 measured; 0 filtered out; finished in 0.00s

   Doc-tests xtask

running 2 tests
test xtask/src/disk_faults.rs - disk_faults::dm_table_error (line 57) ... ok
test xtask/src/disk_faults.rs - disk_faults::dm_table_linear (line 35) ... ok

test result: ok. 2 passed; 0 failed; 0 ignored; 0 measured; 0 filtered out; finished in 0.06s


$ cargo-machete
Analyzing dependencies of crates in this directory...
cargo-machete didn't find any unused dependencies in this directory. Good job!
Done!

$ cargo deny check
warning[license-not-encountered]: license was not encountered
    ┌─ /home/eddie/wyrd/wyrd.pdca-wt/deny.toml:111:6
    │
111 │     "ISC",
    │      ━━━ unmatched license allowance

advisories ok, bans ok, licenses ok, sources ok

$ cargo deny --all-features --config deny-all-features.toml check advisories
advisories ok

$ cargo deny --all-features check licenses bans sources
bans ok, licenses ok, sources ok
xtask conformance: 5 valid + 6 invalid vectors pass

$ xtask statics (ADR-0035 DST global-state gate)
xtask statics: no DST-reachable shared mutable global state (ADR-0035)

$ xtask deploy-guard (ADR-0010 no-orchestrator-coupling gate)
xtask deploy-guard: no workspace crate imports an orchestrator API (ADR-0010)

$ cargo clippy -p wyrd-dst (--cfg madsim)
   Compiling proc-macro2 v1.0.106
   Compiling quote v1.0.46
   Compiling unicode-ident v1.0.24
   Compiling libc v0.2.186
    Checking pin-project-lite v0.2.17
    Checking bytes v1.12.1
    Checking once_cell v1.21.4
    Checking futures-core v0.3.32
    Checking cfg-if v1.0.4
   Compiling serde_core v1.0.229
    Checking futures-sink v0.3.32
    Checking itoa v1.0.18
    Checking slab v0.4.12
    Checking futures-task v0.3.32
   Compiling zerocopy v0.8.52
    Checking smallvec v1.15.2
    Checking memchr v2.8.2
   Compiling serde v1.0.229
    Checking equivalent v1.0.2
   Compiling anyhow v1.0.103
    Checking hashbrown v0.17.1
   Compiling either v1.16.0
   Compiling fnv v1.0.7
    Checking tower-service v0.3.3
    Checking tower-layer v0.3.3
   Compiling getrandom v0.3.4
   Compiling semver v1.0.28
   Compiling thiserror v2.0.18
   Compiling regex-syntax v0.8.11
    Checking sync_wrapper v1.0.2
   Compiling httparse v1.10.1
    Checking atomic-waker v1.1.2
    Checking percent-encoding v2.3.2
    Checking mime v0.3.17
    Checking try-lock v0.2.5
    Checking httpdate v1.0.3
    Checking futures-channel v0.3.32
   Compiling zmij v1.0.21
   Compiling autocfg v1.5.1
   Compiling ident_case v1.0.1
    Checking lazy_static v1.5.0
   Compiling serde_json v1.0.151
    Checking scopeguard v1.2.0
    Checking want v0.3.1
    Checking log v0.4.32
   Compiling syn v1.0.109
    Checking tracing-core v0.1.36
   Compiling itertools v0.14.0
    Checking lock_api v0.4.14
    Checking base64 v0.22.1
    Checking sharded-slab v0.1.7
    Checking thread_local v1.1.9
   Compiling rustix v1.1.4
   Compiling rustversion v1.0.22
    Checking nu-ansi-term v0.50.3
   Compiling strsim v0.10.0
   Compiling rustc_version v0.4.1
    Checking matchit v0.8.4
   Compiling crossbeam-utils v0.8.21
   Compiling bitflags v2.13.0
   Compiling pulldown-cmark v0.13.4
    Checking parking v2.2.1
   Compiling prettyplease v0.2.37
    Checking http v1.4.2
   Compiling getrandom v0.4.3
   Compiling thiserror v1.0.69
   Compiling version_check v0.9.5
    Checking winnow v0.7.15
    Checking event-listener v5.4.2
    Checking winnow v1.0.3
    Checking tracing-log v0.2.0
   Compiling foldhash v0.1.5
   Compiling linux-raw-sys v0.12.1
   Compiling unicase v2.9.0
   Compiling logos-codegen v0.15.1
   Compiling beef v0.5.2
   Compiling num-traits v0.2.19
    Checking indexmap v2.14.0
   Compiling aho-corasick v1.1.4
   Compiling hashbrown v0.15.5
    Checking toml_writer v1.1.1+spec-1.1.0
   Compiling unicode-width v0.1.14
   Compiling fastrand v2.4.1
   Compiling fixedbitset v0.5.7
    Checking spin v0.9.9
    Checking event-listener-strategy v0.5.4
   Compiling ahash v0.8.12
    Checking panic-message v0.3.0
    Checking async-task v4.7.1
    Checking rand_core v0.10.1
   Compiling heck v0.5.0
   Compiling parking_lot_core v0.9.12
    Checking naive-timer v0.2.0
   Compiling multimap v0.10.1
    Checking concurrent-queue v2.5.0
    Checking toml_parser v1.1.2+spec-1.1.0
   Compiling strsim v0.11.1
   Compiling readme-rustdocifier v0.1.1
    Checking downcast-rs v1.2.1
   Compiling crc32c v0.6.8
   Compiling indexmap v1.9.3
   Compiling syn v2.0.118
   Compiling syn v3.0.0
    Checking iana-time-zone v0.1.65
    Checking async-channel v2.5.0
   Compiling protobuf v3.7.2
   Compiling prometheus v0.14.0
    Checking hashbrown v0.12.3
    Checking matchit v0.7.3
    Checking toml_write v0.1.2
    Checking cpufeatures v0.3.0
    Checking chacha20 v0.10.0
   Compiling redb v4.1.0
    Checking regex-automata v0.4.14
    Checking http-body v1.1.0
    Checking cpufeatures v0.2.17
    Checking http-body-util v0.1.3
    Checking wyrd-chunk-format v0.0.0 (/home/eddie/wyrd/wyrd.pdca-wt/crates/chunk-format)
    Checking mio v1.2.1
    Checking socket2 v0.6.4
    Checking getrandom v0.2.17
    Checking errno v0.3.14
    Checking socket2 v0.5.10
   Compiling reed-solomon-simd v3.1.0
    Checking rand_core v0.6.4
    Checking rand v0.10.2
    Checking rand_core v0.9.5
    Checking axum-core v0.5.6
    Checking parking_lot v0.12.5
    Checking chrono v0.4.45
    Checking rand_xoshiro v0.6.0
   Compiling pulldown-cmark-to-cmark v22.0.0
   Compiling petgraph v0.8.3
    Checking serde_spanned v1.1.1
    Checking toml_datetime v0.7.5+spec-1.1.0
    Checking toml v0.9.12+spec-1.1.0
   Compiling tempfile v3.27.0
    Checking matchers v0.2.0
   Compiling darling_core v0.14.4
   Compiling async-trait v0.1.91
   Compiling serde_derive v1.0.229
    Checking ppv-lite86 v0.2.21
   Compiling darling_core v0.23.0
    Checking rand_chacha v0.3.1
    Checking rand_chacha v0.9.0
    Checking rand_chacha v0.10.0
    Checking wyrd-traits v0.0.0 (/home/eddie/wyrd/wyrd.pdca-wt/crates/traits)
    Checking rand v0.9.4
    Checking rand v0.8.6
    Checking wyrd-testkit v0.0.0 (/home/eddie/wyrd/wyrd.pdca-wt/crates/testkit)
    Checking wyrd-coordination-conformance v0.0.0 (/home/eddie/wyrd/wyrd.pdca-wt/crates/coordination-conformance)
    Checking wyrd-metadata-redb v0.0.0 (/home/eddie/wyrd/wyrd.pdca-wt/crates/metadata-redb)
   Compiling tracing-attributes v0.1.31
   Compiling futures-macro v0.3.32
   Compiling tokio-macros v2.7.0
   Compiling prost-derive v0.14.4
   Compiling thiserror-impl v2.0.18
   Compiling pin-project-internal v1.1.13
   Compiling async-stream-impl v0.3.6
   Compiling thiserror-impl v1.0.69
   Compiling miette-derive v7.6.0
   Compiling tonic-build v0.14.6
    Checking wyrd-coordination-mem v0.0.0 (/home/eddie/wyrd/wyrd.pdca-wt/crates/coordination-mem)
   Compiling logos-codegen v0.16.1
   Compiling regex v1.12.4
    Checking async-stream v0.3.6
   Compiling darling_macro v0.14.4
    Checking tokio v1.52.3
    Checking futures-util v0.3.32
   Compiling logos-derive v0.15.1
   Compiling darling v0.14.4
   Compiling madsim-macros v0.2.12
    Checking pin-project v1.1.13
    Checking tracing v0.1.44
    Checking protobuf-support v3.7.2
   Compiling miette v7.6.0
   Compiling logos v0.15.1
    Checking opentelemetry v0.32.0
   Compiling prost v0.14.4
   Compiling logos-derive v0.16.1
    Checking prost-types v0.14.4
   Compiling darling_macro v0.23.0
   Compiling logos v0.16.1
   Compiling darling v0.23.0
   Compiling serde_with_macros v3.21.0
    Checking tracing-serde v0.2.0
    Checking bincode v1.3.3
    Checking serde_spanned v0.6.9
    Checking toml_datetime v0.6.11
    Checking tracing-subscriber v0.3.23
    Checking toml_edit v0.22.27
    Checking serde_with v3.21.0
   Compiling prost-build v0.14.4
   Compiling protox-parse v0.9.0
   Compiling prost-reflect v0.16.4
    Checking futures-executor v0.3.32
    Checking axum-core v0.4.5
    Checking wyrd-core v0.0.0 (/home/eddie/wyrd/wyrd.pdca-wt/crates/core)
    Checking wyrd-metadata-conformance v0.0.0 (/home/eddie/wyrd/wyrd.pdca-wt/crates/metadata-conformance)
    Checking opentelemetry_sdk v0.32.1
   Compiling tonic-prost-build v0.14.6
    Checking tracing-opentelemetry v0.33.0
    Checking wyrd-dst v0.0.0 (/home/eddie/wyrd/wyrd.pdca-wt/crates/dst)
   Compiling madsim-tonic-build v0.6.0+0.14
    Checking toml v0.8.23
    Checking tokio-util v0.7.18
    Checking tokio-stream v0.1.19
    Checking madsim v0.2.34
    Checking wyrd-chunkstore-fs v0.0.0 (/home/eddie/wyrd/wyrd.pdca-wt/crates/chunkstore-fs)
    Checking h2 v0.4.15
    Checking tower v0.5.3
    Checking tower v0.4.13
    Checking opentelemetry-prometheus v0.32.0
   Compiling protox v0.9.1
    Checking axum v0.8.9
    Checking axum v0.7.9
    Checking madsim-tokio v0.2.30
   Compiling wyrd-proto v0.0.0 (/home/eddie/wyrd/wyrd.pdca-wt/crates/proto)
    Checking hyper v1.10.1
    Checking hyper-util v0.1.20
    Checking hyper-timeout v0.5.2
    Checking tonic v0.14.6
    Checking tonic v0.12.3
    Checking madsim-etcd-client v0.6.0+0.14.0
    Checking tonic-prost v0.14.6
    Checking tonic-types v0.14.6
    Checking madsim-tonic v0.6.0+0.14
    Checking opentelemetry-proto v0.32.0
    Checking opentelemetry-otlp v0.32.0
    Checking wyrd-coordination-etcd v0.0.0 (/home/eddie/wyrd/wyrd.pdca-wt/crates/coordination-etcd)
    Checking wyrd-telemetry v0.0.0 (/home/eddie/wyrd/wyrd.pdca-wt/crates/telemetry)
    Checking wyrd-chunkstore-grpc v0.0.0 (/home/eddie/wyrd/wyrd.pdca-wt/crates/chunkstore-grpc)
    Checking wyrd-custodian v0.0.0 (/home/eddie/wyrd/wyrd.pdca-wt/crates/custodian)
    Finished `dev` profile [unoptimized + debuginfo] target(s) in 8.67s

$ cargo test -p wyrd-dst (--cfg madsim)
   Compiling bytes v1.12.1
   Compiling cfg-if v1.0.4
   Compiling pin-project-lite v0.2.17
   Compiling memchr v2.8.2
   Compiling futures-core v0.3.32
   Compiling once_cell v1.21.4
   Compiling fnv v1.0.7
   Compiling futures-sink v0.3.32
   Compiling itoa v1.0.18
   Compiling hashbrown v0.17.1
   Compiling equivalent v1.0.2
   Compiling slab v0.4.12
   Compiling futures-task v0.3.32
   Compiling smallvec v1.15.2
   Compiling lazy_static v1.5.0
   Compiling tower-service v0.3.3
   Compiling tower-layer v0.3.3
   Compiling sync_wrapper v1.0.2
   Compiling atomic-waker v1.1.2
   Compiling percent-encoding v2.3.2
   Compiling libc v0.2.186
   Compiling serde_core v1.0.229
   Compiling zerocopy v0.8.52
   Compiling try-lock v0.2.5
   Compiling mime v0.3.17
   Compiling httparse v1.10.1
   Compiling httpdate v1.0.3
   Compiling futures-channel v0.3.32
   Compiling scopeguard v1.2.0
   Compiling regex-syntax v0.8.11
   Compiling base64 v0.22.1
   Compiling log v0.4.32
   Compiling sharded-slab v0.1.7
   Compiling want v0.3.1
   Compiling thiserror v2.0.18
   Compiling zmij v1.0.21
   Compiling thread_local v1.1.9
   Compiling nu-ansi-term v0.50.3
   Compiling bitflags v2.13.0
   Compiling tracing-core v0.1.36
   Compiling futures-util v0.3.32
   Compiling pin-project v1.1.13
   Compiling lock_api v0.4.14
   Compiling matchit v0.8.4
   Compiling darling_core v0.14.4
   Compiling parking v2.2.1
   Compiling linux-raw-sys v0.12.1
   Compiling winnow v0.7.15
   Compiling crossbeam-utils v0.8.21
   Compiling fastrand v2.4.1
   Compiling winnow v1.0.3
   Compiling logos-codegen v0.15.1
   Compiling async-stream v0.3.6
   Compiling event-listener v5.4.2
   Compiling thiserror v1.0.69
   Compiling getrandom v0.4.3
   Compiling toml_writer v1.1.1+spec-1.1.0
   Compiling miette v7.6.0
   Compiling rand_core v0.10.1
   Compiling async-task v4.7.1
   Compiling naive-timer v0.2.0
   Compiling panic-message v0.3.0
   Compiling downcast-rs v1.2.1
   Compiling spin v0.9.9
   Compiling num-traits v0.2.19
   Compiling iana-time-zone v0.1.65
   Compiling protobuf-support v3.7.2
   Compiling aho-corasick v1.1.4
   Compiling pulldown-cmark v0.13.4
   Compiling http v1.4.2
   Compiling prost v0.14.4
   Compiling wyrd-traits v0.0.0 (/home/eddie/wyrd/wyrd.pdca-wt/crates/traits)
   Compiling hashbrown v0.12.3
   Compiling crc32c v0.6.8
   Compiling toml_parser v1.1.2+spec-1.1.0
   Compiling concurrent-queue v2.5.0
   Compiling rustix v1.1.4
   Compiling indexmap v2.14.0
   Compiling event-listener-strategy v0.5.4
   Compiling cpufeatures v0.3.0
   Compiling tracing v0.1.44
   Compiling tracing-log v0.2.0
   Compiling matchit v0.7.3
   Compiling toml_write v0.1.2
   Compiling chacha20 v0.10.0
   Compiling wyrd-chunk-format v0.0.0 (/home/eddie/wyrd/wyrd.pdca-wt/crates/chunk-format)
   Compiling cpufeatures v0.2.17
   Compiling async-channel v2.5.0
   Compiling protobuf v3.7.2
   Compiling fixedbitset v0.5.7
   Compiling opentelemetry v0.32.0
   Compiling redb v4.1.0
   Compiling wyrd-coordination-conformance v0.0.0 (/home/eddie/wyrd/wyrd.pdca-wt/crates/coordination-conformance)
   Compiling prost-types v0.14.4
   Compiling reed-solomon-simd v3.1.0
   Compiling indexmap v1.9.3
   Compiling chrono v0.4.45
   Compiling socket2 v0.6.4
   Compiling mio v1.2.1
   Compiling getrandom v0.3.4
   Compiling getrandom v0.2.17
   Compiling errno v0.3.14
   Compiling parking_lot_core v0.9.12
   Compiling socket2 v0.5.10
   Compiling http-body v1.1.0
   Compiling petgraph v0.8.3
   Compiling rand_core v0.6.4
   Compiling rand v0.10.2
   Compiling http-body-util v0.1.3
   Compiling rand_core v0.9.5
   Compiling logos-derive v0.15.1
   Compiling parking_lot v0.12.5
   Compiling regex-automata v0.4.14
   Compiling rand_xoshiro v0.6.0
   Compiling pulldown-cmark-to-cmark v22.0.0
   Compiling tokio v1.52.3
   Compiling axum-core v0.5.6
   Compiling logos v0.15.1
   Compiling protox-parse v0.9.0
   Compiling darling_macro v0.14.4
   Compiling darling v0.14.4
   Compiling madsim-macros v0.2.12
   Compiling serde v1.0.229
   Compiling serde_json v1.0.151
   Compiling toml_datetime v0.7.5+spec-1.1.0
   Compiling serde_spanned v1.1.1
   Compiling serde_with v3.21.0
   Compiling tempfile v3.27.0
   Compiling toml v0.9.12+spec-1.1.0
   Compiling futures-executor v0.3.32
   Compiling axum-core v0.4.5
   Compiling wyrd-metadata-conformance v0.0.0 (/home/eddie/wyrd/wyrd.pdca-wt/crates/metadata-conformance)
   Compiling tracing-serde v0.2.0
   Compiling bincode v1.3.3
   Compiling toml_datetime v0.6.11
   Compiling serde_spanned v0.6.9
   Compiling toml_edit v0.22.27
   Compiling wyrd-core v0.0.0 (/home/eddie/wyrd/wyrd.pdca-wt/crates/core)
   Compiling matchers v0.2.0
   Compiling tracing-subscriber v0.3.23
   Compiling wyrd-metadata-redb v0.0.0 (/home/eddie/wyrd/wyrd.pdca-wt/crates/metadata-redb)
   Compiling ppv-lite86 v0.2.21
   Compiling ahash v0.8.12
   Compiling rand_chacha v0.3.1
   Compiling rand_chacha v0.9.0
   Compiling rand_chacha v0.10.0
   Compiling rand v0.9.4
   Compiling wyrd-testkit v0.0.0 (/home/eddie/wyrd/wyrd.pdca-wt/crates/testkit)
   Compiling prometheus v0.14.0
   Compiling rand v0.8.6
   Compiling wyrd-coordination-mem v0.0.0 (/home/eddie/wyrd/wyrd.pdca-wt/crates/coordination-mem)
   Compiling logos-codegen v0.16.1
   Compiling regex v1.12.4
   Compiling opentelemetry_sdk v0.32.1
   Compiling toml v0.8.23
   Compiling prost-build v0.14.4
   Compiling tracing-opentelemetry v0.33.0
   Compiling wyrd-dst v0.0.0 (/home/eddie/wyrd/wyrd.pdca-wt/crates/dst)
   Compiling logos-derive v0.16.1
   Compiling tonic-prost-build v0.14.6
   Compiling tokio-util v0.7.18
   Compiling tokio-stream v0.1.19
   Compiling madsim v0.2.34
   Compiling wyrd-chunkstore-fs v0.0.0 (/home/eddie/wyrd/wyrd.pdca-wt/crates/chunkstore-fs)
   Compiling madsim-tonic-build v0.6.0+0.14
   Compiling logos v0.16.1
   Compiling prost-reflect v0.16.4
   Compiling h2 v0.4.15
   Compiling tower v0.5.3
   Compiling tower v0.4.13
   Compiling axum v0.8.9
   Compiling axum v0.7.9
   Compiling opentelemetry-prometheus v0.32.0
   Compiling madsim-tokio v0.2.30
   Compiling protox v0.9.1
   Compiling hyper v1.10.1
   Compiling wyrd-proto v0.0.0 (/home/eddie/wyrd/wyrd.pdca-wt/crates/proto)
   Compiling hyper-util v0.1.20
   Compiling hyper-timeout v0.5.2
   Compiling tonic v0.14.6
   Compiling tonic v0.12.3
   Compiling madsim-etcd-client v0.6.0+0.14.0
   Compiling tonic-prost v0.14.6
   Compiling tonic-types v0.14.6
   Compiling madsim-tonic v0.6.0+0.14
   Compiling opentelemetry-proto v0.32.0
   Compiling opentelemetry-otlp v0.32.0
   Compiling wyrd-coordination-etcd v0.0.0 (/home/eddie/wyrd/wyrd.pdca-wt/crates/coordination-etcd)
   Compiling wyrd-telemetry v0.0.0 (/home/eddie/wyrd/wyrd.pdca-wt/crates/telemetry)
   Compiling wyrd-chunkstore-grpc v0.0.0 (/home/eddie/wyrd/wyrd.pdca-wt/crates/chunkstore-grpc)
   Compiling wyrd-custodian v0.0.0 (/home/eddie/wyrd/wyrd.pdca-wt/crates/custodian)
    Finished `test` profile [unoptimized + debuginfo] target(s) in 10.22s
     Running unittests src/lib.rs (target/debug/deps/wyrd_dst-6efe33d554305b88)

running 0 tests

test result: ok. 0 passed; 0 failed; 0 ignored; 0 measured; 0 filtered out; finished in 0.00s

     Running tests/commit_ambiguity.rs (target/debug/deps/commit_ambiguity-5de7314b6ebea4cb)

running 14 tests
test the_two_undeterminable_codes_are_not_equally_bad ... ok
test assuming_an_ambiguous_blind_put_landed_leaves_a_chunk_unprotected - should panic ... ok
test treating_a_timed_out_commit_like_1021_fails_the_sweep - should panic ... ok
test a_torn_apply_of_an_ambiguous_commit_is_caught - should panic ... ok
test assuming_an_ambiguous_commit_did_not_land_fails_the_sweep - should panic ... ok
test counting_every_timed_out_commit_a_winner_fails_the_contended_sweep - should panic ... ok
test an_ambiguous_pending_ledger_put_is_settled_by_a_re_read ... ok
test committed_regression_seeds_stay_green ... ok
test a_deferred_1031_batch_that_skips_the_resolver_clobbers_the_winner - should panic ... ok
test a_timed_out_commit_may_still_land_after_the_settling_re_read ... ok
test a_stale_deferred_1031_batch_is_rejected_against_current_truth ... ok
test contention_under_1031_keeps_exactly_one_winner_through_the_deferral ... ok
test commit_ambiguity_invariants_hold_under_the_dst_seed_sweep ... ok
test the_settling_re_read_covers_both_halves_of_the_ambiguity_space ... ok

test result: ok. 14 passed; 0 failed; 0 ignored; 0 measured; 0 filtered out; finished in 0.21s

     Running tests/concurrency.rs (target/debug/deps/concurrency-29274beb92f09ae7)

running 5 tests
test blind_batch_lost_lock_race_is_err_never_conflict ... ok
test synchronous_redb_shaped_commit_never_reaches_the_interleaving - should panic ... ok
test sim_tikv_reaches_mid_commit_interleaving_and_one_wins ... ok
test exactly_one_concurrent_writer_wins_sim_tikv ... ok
test exactly_one_concurrent_writer_wins_redb ... ok

test result: ok. 5 passed; 0 failed; 0 ignored; 0 measured; 0 filtered out; finished in 0.57s

     Running tests/conformance.rs (target/debug/deps/conformance-a416aae09608e724)

running 3 tests
test sim_fdb_backend_passes_shared_contract ... ok
test sim_tikv_backend_passes_shared_contract ... ok
test redb_backend_passes_shared_contract ... ok

test result: ok. 3 passed; 0 failed; 0 ignored; 0 measured; 0 filtered out; finished in 2.34s

     Running tests/coordination.rs (target/debug/deps/coordination-2e5ec394a9307a43)

running 12 tests
test process_local_store_fails_the_mutual_exclusion_clause - should panic ... ok
test process_local_store_fails_the_cross_process_discovery_clause - should panic ... ok
test process_local_store_fails_the_single_leader_clause - should panic ... ok
test a_registration_lease_expires_deterministically ... ok
test peers_are_discovered_across_instances ... ok
test single_leader_is_exclusive_across_two_etcd_instances ... ok
test only_one_of_two_instances_leads_then_hands_off ... ok
test a_lapsed_leader_recampaigns_after_its_lease_is_lost ... ok
test a_transient_proclaim_error_keeps_the_hold_and_its_lease ... ok
test a_lock_is_mutually_exclusive_across_two_instances ... ok
test a_cancelled_campaign_leaks_no_orphan ... ok
test shared_contract_suite_on_the_etcd_simulator ... ok

test result: ok. 12 passed; 0 failed; 0 ignored; 0 measured; 0 filtered out; finished in 0.08s

     Running tests/custodian.rs (target/debug/deps/custodian-bf8e5aada0b48307)

running 14 tests
test barrier_installed_and_registry_keeps_callsites_capturable ... ok
test gc_reclaims_only_true_orphans_q3 ... ok
test restore_two_readings_never_license_a_mark ... ok
test segmented_resolve_never_tears ... ok
test gc_over_a_segmented_map_never_reclaims_it_and_never_over_certifies ... ok
test restore_two_readings_cover_the_divergence_window ... ok
test durability_emission_rises_then_returns_to_zero ... ok
test fenced_stale_leader_lands_nothing ... ok
test scrub_detects_bit_rot_then_reconstructs_q2 ... ok
test reconstruct_to_full_redundancy_q1 ... ok
test reader_flips_atomically_across_commit ... ok
test commit_point_atomic_repair_under_crash ... ok
test crash_mid_fragment_write_commits_nothing ... ok
test committed_regression_seeds_stay_green ... ok

test result: ok. 14 passed; 0 failed; 0 ignored; 0 measured; 0 filtered out; finished in 13.20s

     Running tests/network.rs (target/debug/deps/network-a0993eb9986d1e0b)

running 5 tests
test partial_fanout_fails_closed ... ok
test k_of_n_read_survives_dropped_fetches ... ok
test parallel_write_durability_over_network ... ok
test corrupt_fragment_is_read_around ... ok
test exactly_one_concurrent_writer_wins_over_network ... ok

test result: ok. 5 passed; 0 failed; 0 ignored; 0 measured; 0 filtered out; finished in 1.42s

     Running tests/no_fdb_linkage.rs (target/debug/deps/no_fdb_linkage-ef07dad3bb6ad33a)

running 9 tests
test scan_line_catches_every_manifest_dependency_shape ... ok
test scan_line_ignores_comments_and_unrelated_dependencies ... ok
test package_nodes_reads_package_lines_and_not_feature_lines ... ok
test the_dst_manifest_declares_no_fdb_dependency ... ok
test scan_manifest_is_red_when_an_fdb_dependency_is_planted ... ok
test the_dst_support_module_declares_the_simulated_fdb_store ... ok
test the_dst_dependency_graph_links_no_libfdb_c ... ok
test the_graph_scanner_is_red_on_a_cfg_madsim_gated_rename_and_transitive_edge ... ok
test the_graph_scanner_is_red_on_the_real_fdb_backend_with_its_feature_on ... ok

test result: ok. 9 passed; 0 failed; 0 ignored; 0 measured; 0 filtered out; finished in 0.17s

     Running tests/tikv_await_commit_interleaving.rs (target/debug/deps/tikv_await_commit_interleaving-b387652c96fb7347)

running 1 test
test redb_overwrite_cas_classifies_the_stale_writer_as_conflict ... ok

test result: ok. 1 passed; 0 failed; 0 ignored; 0 measured; 0 filtered out; finished in 0.41s

   Doc-tests wyrd_dst

running 1 test
test crates/dst/src/lib.rs - dst_campaign_test (line 61) ... ignored

test result: ok. 0 passed; 0 failed; 1 ignored; 0 measured; 0 filtered out; finished in 0.00s


xtask ci: all checks passed
